municipio,provincia,lat,lon,sup_m2_total,precio_usd,tipo,ambientes_cat,precio_usd_por_m2,tipo_cat_code,municipio_cat_code,provincia_cat_code,ambientes_cat_code,geometry,precio_usd_por_m2_cat
Lomas de Zamora,Bs.As. G.B.A. Zona Sur,-34.738010100000004,-58.4038541,70.0,165000.0,house,1,2357.1428571428573,2,168,2,1,POINT (-58.4038541 -34.738010100000004),6
Lomas de Zamora,Bs.As. G.B.A. Zona Sur,-34.7491566,-58.3951076,37.0,90000.0,apartment,2,2432.4324324324325,1,168,2,2,POINT (-58.3951076 -34.7491566),6
Lomas de Zamora,Bs.As. G.B.A. Zona Sur,-34.7586649,-58.39768370000001,59.0,105000.0,apartment,2,1779.6610169491526,1,168,2,2,POINT (-58.39768370000001 -34.7586649),3
Lomas de Zamora,Bs.As. G.B.A. Zona Sur,-34.748692,-58.400606,20.0,510000.0,house,4 o mas,25500.0,2,168,2,4,POINT (-58.400606 -34.748692),9
Lomas de Zamora,Bs.As. G.B.A. Zona Sur,-34.7568813644,-58.4009714637,72.0,100000.0,apartment,,1388.888888888889,1,168,2,-1,POINT (-58.4009714637 -34.7568813644),2
Lomas de Zamora,Bs.As. G.B.A. Zona Sur,-34.741491,-58.3773569,111.0,160000.0,house,2,1441.4414414414414,2,168,2,2,POINT (-58.3773569 -34.741491),2
Lomas de Zamora,Bs.As. G.B.A. Zona Sur,-34.76352070000001,-58.4170108,75.0,110000.0,PH,3,1466.6666666666667,0,168,2,3,POINT (-58.4170108 -34.76352070000001),2
Lomas de Zamora,Bs.As. G.B.A. Zona Sur,-34.736446,-58.404844,110.0,160000.0,house,4 o mas,1454.5454545454545,2,168,2,4,POINT (-58.404844 -34.736446),2
Lomas de Zamora,Bs.As. G.B.A. Zona Sur,-34.7454768,-58.4587103,160.0,92000.0,house,4 o mas,575.0,2,168,2,4,POINT (-58.4587103 -34.7454768),0
Lomas de Zamora,Bs.As. G.B.A. Zona Sur,-34.7524947122,-58.3949742153,55.0,110000.0,apartment,3,2000.0,1,168,2,3,POINT (-58.3949742153 -34.7524947122),4
Lomas de Zamora,Bs.As. G.B.A. Zona Sur,-34.752195,-58.3949313,55.0,110000.0,PH,3,2000.0,0,168,2,3,POINT (-58.3949313 -34.752195),4
Lomas de Zamora,Bs.As. G.B.A. Zona Sur,-34.7251123,-58.4759527,130.0,150000.0,apartment,4 o mas,1153.8461538461538,1,168,2,4,POINT (-58.4759527 -34.7251123),1
Lomas de Zamora,Bs.As. G.B.A. Zona Sur,-34.7425927,-58.3945574,44.0,119000.0,apartment,2,2704.5454545454545,1,168,2,2,POINT (-58.3945574 -34.7425927),7
Lomas de Zamora,Bs.As. G.B.A. Zona Sur,-34.7585801377,-58.3837723314,100.0,130000.0,house,2,1300.0,2,168,2,2,POINT (-58.3837723314 -34.7585801377),2
Lomas de Zamora,Bs.As. G.B.A. Zona Sur,-34.744442,-58.395016000000005,45.0,78500.0,apartment,3,1744.4444444444443,1,168,2,3,POINT (-58.395016000000005 -34.744442),3
Lomas de Zamora,Bs.As. G.B.A. Zona Sur,-34.745738,-58.395231,45.0,74500.0,apartment,2,1655.5555555555557,1,168,2,2,POINT (-58.395231 -34.745738),3
Lomas de Zamora,Bs.As. G.B.A. Zona Sur,-34.744442,-58.39491999999999,44.0,70500.0,apartment,2,1602.2727272727273,1,168,2,2,POINT (-58.39491999999999 -34.744442),3
Lomas de Zamora,Bs.As. G.B.A. Zona Sur,-34.745809,-58.401818000000006,20.0,620000.0,house,4 o mas,31000.0,2,168,2,4,POINT (-58.401818000000006 -34.745809),9
Lomas de Zamora,Bs.As. G.B.A. Zona Sur,-34.753863,-58.3968578,55.0,87000.0,apartment,3,1581.8181818181818,1,168,2,3,POINT (-58.3968578 -34.753863),3
Lomas de Zamora,Bs.As. G.B.A. Zona Sur,-34.7453932,-58.3905213,40.0,73662.0,apartment,1,1841.55,1,168,2,1,POINT (-58.3905213 -34.7453932),4
Lomas de Zamora,Bs.As. G.B.A. Zona Sur,-34.7453932,-58.3905213,67.0,123298.0,apartment,2,1840.2686567164176,1,168,2,2,POINT (-58.3905213 -34.7453932),4
Lomas de Zamora,Bs.As. G.B.A. Zona Sur,-34.7453932,-58.3905213,35.0,59125.0,apartment,1,1689.2857142857142,1,168,2,1,POINT (-58.3905213 -34.7453932),3
Lomas de Zamora,Bs.As. G.B.A. Zona Sur,-34.762963799999994,-58.401838100000006,110.0,72908.77,store,,662.807,3,168,2,-1,POINT (-58.401838100000006 -34.762963799999994),0
Lomas de Zamora,Bs.As. G.B.A. Zona Sur,-34.7730544712,-58.4019806634,122.0,220000.0,apartment,4 o mas,1803.27868852459,1,168,2,4,POINT (-58.4019806634 -34.7730544712),4
Lomas de Zamora,Bs.As. G.B.A. Zona Sur,-34.743471,-58.385547,52.0,105000.0,PH,3,2019.2307692307693,0,168,2,3,POINT (-58.385547 -34.743471),4
Lomas de Zamora,Bs.As. G.B.A. Zona Sur,-34.776406200000004,-58.4032024,160.0,330000.0,house,4 o mas,2062.5,2,168,2,4,POINT (-58.4032024 -34.776406200000004),5
Lomas de Zamora,Bs.As. G.B.A. Zona Sur,-34.7430035,-58.3751188,212.0,160000.0,house,,754.7169811320755,2,168,2,-1,POINT (-58.3751188 -34.7430035),0
Lomas de Zamora,Bs.As. G.B.A. Zona Sur,-34.741631,-58.39641120000001,53.0,130000.0,apartment,3,2452.830188679245,1,168,2,3,POINT (-58.39641120000001 -34.741631),6
Lomas de Zamora,Bs.As. G.B.A. Zona Sur,-34.7437482,-58.4072355,39.0,80000.0,apartment,1,2051.2820512820517,1,168,2,1,POINT (-58.4072355 -34.7437482),5
Lomas de Zamora,Bs.As. G.B.A. Zona Sur,-34.789865899999995,-58.4256055,300.0,85000.0,house,3,283.3333333333333,2,168,2,3,POINT (-58.4256055 -34.789865899999995),0
Lomas de Zamora,Bs.As. G.B.A. Zona Sur,-34.7769549,-58.38482270000001,217.0,225000.0,PH,4 o mas,1036.8663594470047,0,168,2,4,POINT (-58.38482270000001 -34.7769549),1
Lomas de Zamora,Bs.As. G.B.A. Zona Sur,-34.748586,-58.377925,20.0,200000.0,house,4 o mas,10000.0,2,168,2,4,POINT (-58.377925 -34.748586),9
Lomas de Zamora,Bs.As. G.B.A. Zona Sur,-34.771212,-58.392463,140.0,229000.0,house,4 o mas,1635.7142857142858,2,168,2,4,POINT (-58.392463 -34.771212),3
Lomas de Zamora,Bs.As. G.B.A. Zona Sur,-34.814194,-58.432582,20.0,450000.0,store,0,22500.0,3,168,2,0,POINT (-58.432582 -34.814194),9
Lomas de Zamora,Bs.As. G.B.A. Zona Sur,-34.719927899999995,-58.4701585,121.0,120000.0,house,3,991.7355371900826,2,168,2,3,POINT (-58.4701585 -34.719927899999995),1
Lomas de Zamora,Bs.As. G.B.A. Zona Sur,-34.782695000000004,-58.391231000000005,20.0,240000.0,house,4 o mas,12000.0,2,168,2,4,POINT (-58.391231000000005 -34.782695000000004),9
Lomas de Zamora,Bs.As. G.B.A. Zona Sur,-34.8152159,-58.3938233,47.0,115000.0,apartment,1,2446.808510638298,1,168,2,1,POINT (-58.3938233 -34.8152159),6
Lomas de Zamora,Bs.As. G.B.A. Zona Sur,-34.7659982,-58.3930349,80.0,155000.0,house,2,1937.5,2,168,2,2,POINT (-58.3930349 -34.7659982),4
Lomas de Zamora,Bs.As. G.B.A. Zona Sur,-34.742882,-58.394308,35.0,51500.0,apartment,1,1471.428571428571,1,168,2,1,POINT (-58.394308 -34.742882),2
Lomas de Zamora,Bs.As. G.B.A. Zona Sur,-34.744101,-58.410761,63.0,155000.0,house,3,2460.31746031746,2,168,2,3,POINT (-58.410761 -34.744101),6
Lomas de Zamora,Bs.As. G.B.A. Zona Sur,-34.7529096,-58.3725399,55.0,80000.0,house,1,1454.5454545454545,2,168,2,1,POINT (-58.3725399 -34.7529096),2
Lomas de Zamora,Bs.As. G.B.A. Zona Sur,-34.728488,-58.4786485,140.0,90000.0,house,3,642.8571428571429,2,168,2,3,POINT (-58.4786485 -34.728488),0
Lomas de Zamora,Bs.As. G.B.A. Zona Sur,-34.783894200000006,-58.4072863,960.0,450000.0,house,4 o mas,468.75,2,168,2,4,POINT (-58.4072863 -34.783894200000006),0
Lomas de Zamora,Bs.As. G.B.A. Zona Sur,-34.781154976,-58.3848390884,10.0,220000.0,house,4 o mas,22000.0,2,168,2,4,POINT (-58.3848390884 -34.781154976),9
Lomas de Zamora,Bs.As. G.B.A. Zona Sur,-34.7874674,-58.4270392,65.0,89900.0,PH,3,1383.076923076923,0,168,2,3,POINT (-58.4270392 -34.7874674),2
Lomas de Zamora,Bs.As. G.B.A. Zona Sur,-34.743688,-58.411002,20.0,80000.0,store,0,4000.0,3,168,2,0,POINT (-58.411002 -34.743688),9
Lomas de Zamora,Bs.As. G.B.A. Zona Sur,-34.7541044,-58.4284076,78.0,60000.0,PH,3,769.2307692307693,0,168,2,3,POINT (-58.4284076 -34.7541044),0
Lomas de Zamora,Bs.As. G.B.A. Zona Sur,-34.7268301,-58.4780864,170.0,130000.0,house,3,764.7058823529412,2,168,2,3,POINT (-58.4780864 -34.7268301),0
Lomas de Zamora,Bs.As. G.B.A. Zona Sur,-34.7624764,-58.4134171,118.0,140000.0,PH,4 o mas,1186.4406779661017,0,168,2,4,POINT (-58.4134171 -34.7624764),1
Lomas de Zamora,Bs.As. G.B.A. Zona Sur,-34.7839787403,-58.393786146,389.0,175000.0,house,,449.8714652956298,2,168,2,-1,POINT (-58.393786146 -34.7839787403),0
Lomas de Zamora,Bs.As. G.B.A. Zona Sur,-34.7598156,-58.4070159,63.0,160000.0,apartment,3,2539.68253968254,1,168,2,3,POINT (-58.4070159 -34.7598156),6
Lomas de Zamora,Bs.As. G.B.A. Zona Sur,-34.772761,-58.39125229999999,148.0,200000.0,house,3,1351.3513513513512,2,168,2,3,POINT (-58.39125229999999 -34.772761),2
Lomas de Zamora,Bs.As. G.B.A. Zona Sur,-34.77444620000001,-58.3956201,58.0,75000.0,apartment,3,1293.103448275862,1,168,2,3,POINT (-58.3956201 -34.77444620000001),1
Lomas de Zamora,Bs.As. G.B.A. Zona Sur,-34.771224,-58.395686,65.0,150000.0,apartment,3,2307.692307692308,1,168,2,3,POINT (-58.395686 -34.771224),6
Lomas de Zamora,Bs.As. G.B.A. Zona Sur,-34.7435330677,-58.41753423350001,200.0,150000.0,house,4 o mas,750.0,2,168,2,4,POINT (-58.41753423350001 -34.7435330677),0
Lomas de Zamora,Bs.As. G.B.A. Zona Sur,-34.7933635,-58.4303392,110.0,160000.0,house,2,1454.5454545454545,2,168,2,2,POINT (-58.4303392 -34.7933635),2
Lomas de Zamora,Bs.As. G.B.A. Zona Sur,-34.726859600000004,-58.4783392,230.0,125000.0,house,4 o mas,543.4782608695652,2,168,2,4,POINT (-58.4783392 -34.726859600000004),0
Lomas de Zamora,Bs.As. G.B.A. Zona Sur,-34.7416084,-58.3878096,30.0,88000.0,apartment,2,2933.333333333333,1,168,2,2,POINT (-58.3878096 -34.7416084),7
Lomas de Zamora,Bs.As. G.B.A. Zona Sur,-34.783183,-58.4113084,120.0,120000.0,house,4 o mas,1000.0,2,168,2,4,POINT (-58.4113084 -34.783183),1
Lomas de Zamora,Bs.As. G.B.A. Zona Sur,-34.7245495,-58.476275300000005,250.0,170000.0,house,4 o mas,680.0,2,168,2,4,POINT (-58.476275300000005 -34.7245495),0
Lomas de Zamora,Bs.As. G.B.A. Zona Sur,-34.776742,-58.399098,44.0,82000.0,apartment,2,1863.636363636364,1,168,2,2,POINT (-58.399098 -34.776742),4
Lomas de Zamora,Bs.As. G.B.A. Zona Sur,-34.7411161,-58.450271400000005,200.0,28041.83,house,4 o mas,140.20915000000002,2,168,2,4,POINT (-58.450271400000005 -34.7411161),0
Lomas de Zamora,Bs.As. G.B.A. Zona Sur,-34.7469989,-58.3938869,48.0,95000.0,apartment,2,1979.1666666666667,1,168,2,2,POINT (-58.3938869 -34.7469989),4
Lomas de Zamora,Bs.As. G.B.A. Zona Sur,-34.7390389,-58.3892991,145.0,200000.0,house,4 o mas,1379.3103448275865,2,168,2,4,POINT (-58.3892991 -34.7390389),2
Lomas de Zamora,Bs.As. G.B.A. Zona Sur,-34.7390389,-58.3892991,145.0,200000.0,apartment,4 o mas,1379.3103448275865,1,168,2,4,POINT (-58.3892991 -34.7390389),2
Lomas de Zamora,Bs.As. G.B.A. Zona Sur,-34.743552,-58.392763,119.0,99000.0,house,4 o mas,831.9327731092437,2,168,2,4,POINT (-58.392763 -34.743552),0
Lomas de Zamora,Bs.As. G.B.A. Zona Sur,-34.761182299999994,-58.4302476,140.0,175000.0,house,3,1250.0,2,168,2,3,POINT (-58.4302476 -34.761182299999994),1
Lomas de Zamora,Bs.As. G.B.A. Zona Sur,-34.7582232,-58.3852327,120.0,165000.0,house,3,1375.0,2,168,2,3,POINT (-58.3852327 -34.7582232),2
Lomas de Zamora,Bs.As. G.B.A. Zona Sur,-34.7784968,-58.3860055,240.0,225000.0,house,4 o mas,937.5,2,168,2,4,POINT (-58.3860055 -34.7784968),0
Lomas de Zamora,Bs.As. G.B.A. Zona Sur,-34.743469,-58.39473,31.0,52500.0,apartment,2,1693.548387096774,1,168,2,2,POINT (-58.39473 -34.743469),3
Lomas de Zamora,Bs.As. G.B.A. Zona Sur,-34.743469,-58.39473,45.0,73000.0,apartment,2,1622.2222222222222,1,168,2,2,POINT (-58.39473 -34.743469),3
Lomas de Zamora,Bs.As. G.B.A. Zona Sur,-34.743469,-58.39473,31.0,49500.0,apartment,1,1596.774193548387,1,168,2,1,POINT (-58.39473 -34.743469),3
Lomas de Zamora,Bs.As. G.B.A. Zona Sur,-34.743469,-58.39473,45.0,73000.0,apartment,2,1622.2222222222222,1,168,2,2,POINT (-58.39473 -34.743469),3
Lomas de Zamora,Bs.As. G.B.A. Zona Sur,-34.759099400000004,-58.4053115,40.0,75000.0,apartment,2,1875.0,1,168,2,2,POINT (-58.4053115 -34.759099400000004),4
Lomas de Zamora,Bs.As. G.B.A. Zona Sur,-34.7866664,-58.3942976,150.0,110000.0,house,4 o mas,733.3333333333334,2,168,2,4,POINT (-58.3942976 -34.7866664),0
Lomas de Zamora,Bs.As. G.B.A. Zona Sur,-34.744183,-58.385924,20.0,200000.0,house,4 o mas,10000.0,2,168,2,4,POINT (-58.385924 -34.744183),9
Lomas de Zamora,Bs.As. G.B.A. Zona Sur,-34.77444620000001,-58.3956201,57.0,89000.0,apartment,3,1561.40350877193,1,168,2,3,POINT (-58.3956201 -34.77444620000001),2
Lomas de Zamora,Bs.As. G.B.A. Zona Sur,-34.738112,-58.429134,20.0,165000.0,house,4 o mas,8250.0,2,168,2,4,POINT (-58.429134 -34.738112),9
Lomas de Zamora,Bs.As. G.B.A. Zona Sur,-34.78495039999999,-58.39112339999999,220.0,270000.0,house,4 o mas,1227.2727272727273,2,168,2,4,POINT (-58.39112339999999 -34.78495039999999),1
Lomas de Zamora,Bs.As. G.B.A. Zona Sur,-34.748242,-58.389659,20.0,500000.0,house,4 o mas,25000.0,2,168,2,4,POINT (-58.389659 -34.748242),9
Lomas de Zamora,Bs.As. G.B.A. Zona Sur,-34.7283017,-58.4588462,34.0,95000.0,apartment,2,2794.1176470588234,1,168,2,2,POINT (-58.4588462 -34.7283017),7
Lomas de Zamora,Bs.As. G.B.A. Zona Sur,-34.7578732,-58.3974571,25.0,70000.0,apartment,0,2800.0,1,168,2,0,POINT (-58.3974571 -34.7578732),7
Lomas de Zamora,Bs.As. G.B.A. Zona Sur,-34.7881698,-58.4034181,50.0,65000.0,PH,2,1300.0,0,168,2,2,POINT (-58.4034181 -34.7881698),2
Lomas de Zamora,Bs.As. G.B.A. Zona Sur,-34.7729604,-58.401071,227.0,230000.0,house,,1013.215859030837,2,168,2,-1,POINT (-58.401071 -34.7729604),1
Lomas de Zamora,Bs.As. G.B.A. Zona Sur,-34.7729604,-58.401071,227.0,230000.0,house,,1013.215859030837,2,168,2,-1,POINT (-58.401071 -34.7729604),1
Lomas de Zamora,Bs.As. G.B.A. Zona Sur,-34.757394399999995,-58.4055161,40.0,83000.0,apartment,,2075.0,1,168,2,-1,POINT (-58.4055161 -34.757394399999995),5
Lomas de Zamora,Bs.As. G.B.A. Zona Sur,-34.7489849,-58.413569,47.0,95000.0,apartment,3,2021.276595744681,1,168,2,3,POINT (-58.413569 -34.7489849),4
Lomas de Zamora,Bs.As. G.B.A. Zona Sur,-34.7614402,-58.3759098,37.0,49000.0,apartment,2,1324.3243243243244,1,168,2,2,POINT (-58.3759098 -34.7614402),2
Lomas de Zamora,Bs.As. G.B.A. Zona Sur,-34.751918,-58.361984,130.0,89000.0,house,4 o mas,684.6153846153846,2,168,2,4,POINT (-58.361984 -34.751918),0
Lomas de Zamora,Bs.As. G.B.A. Zona Sur,-34.7670276,-58.3970345,45.0,75000.0,apartment,1,1666.6666666666667,1,168,2,1,POINT (-58.3970345 -34.7670276),3
Lomas de Zamora,Bs.As. G.B.A. Zona Sur,-34.7774586,-58.4012507,32.0,60000.0,apartment,1,1875.0,1,168,2,1,POINT (-58.4012507 -34.7774586),4
Lomas de Zamora,Bs.As. G.B.A. Zona Sur,-34.7289029,-58.41776170000001,36.0,50000.0,apartment,2,1388.888888888889,1,168,2,2,POINT (-58.41776170000001 -34.7289029),2
Lomas de Zamora,Bs.As. G.B.A. Zona Sur,-34.7289029,-58.41776170000001,36.0,45000.0,apartment,2,1250.0,1,168,2,2,POINT (-58.41776170000001 -34.7289029),1
Lomas de Zamora,Bs.As. G.B.A. Zona Sur,-34.74492,-58.400266,256.0,426000.0,house,4 o mas,1664.0625,2,168,2,4,POINT (-58.400266 -34.74492),3
Lomas de Zamora,Bs.As. G.B.A. Zona Sur,-34.791872,-58.423941000000006,20.0,109900.0,house,4 o mas,5495.0,2,168,2,4,POINT (-58.423941000000006 -34.791872),9
Lomas de Zamora,Bs.As. G.B.A. Zona Sur,-34.748771000000005,-58.372363,20.0,225000.0,house,4 o mas,11250.0,2,168,2,4,POINT (-58.372363 -34.748771000000005),9
Lomas de Zamora,Bs.As. G.B.A. Zona Sur,-34.7700049,-58.4123178,145.0,315000.0,house,3,2172.4137931034484,2,168,2,3,POINT (-58.4123178 -34.7700049),5
Lomas de Zamora,Bs.As. G.B.A. Zona Sur,-34.8182183,-58.4809728,110.0,115000.0,house,4 o mas,1045.4545454545455,2,168,2,4,POINT (-58.4809728 -34.8182183),1
Lomas de Zamora,Bs.As. G.B.A. Zona Sur,-34.735899,-58.395821,20.0,44500.0,store,0,2225.0,3,168,2,0,POINT (-58.395821 -34.735899),5
Lomas de Zamora,Bs.As. G.B.A. Zona Sur,-34.735873,-58.395789,20.0,32500.0,store,0,1625.0,3,168,2,0,POINT (-58.395789 -34.735873),3
Lomas de Zamora,Bs.As. G.B.A. Zona Sur,-34.735864,-58.395971,20.0,64500.0,store,0,3225.0,3,168,2,0,POINT (-58.395971 -34.735864),8
Lomas de Zamora,Bs.As. G.B.A. Zona Sur,-34.735901,-58.404936,56.0,90000.0,PH,3,1607.142857142857,0,168,2,3,POINT (-58.404936 -34.735901),3
Lomas de Zamora,Bs.As. G.B.A. Zona Sur,-34.745209,-58.379824,112.0,169000.0,PH,4 o mas,1508.928571428571,0,168,2,4,POINT (-58.379824 -34.745209),2
Lomas de Zamora,Bs.As. G.B.A. Zona Sur,-34.738985,-58.407483,311.0,600000.0,house,4 o mas,1929.260450160772,2,168,2,4,POINT (-58.407483 -34.738985),4
Lomas de Zamora,Bs.As. G.B.A. Zona Sur,-34.72926,-58.416423,131.0,122000.0,house,4 o mas,931.297709923664,2,168,2,4,POINT (-58.416423 -34.72926),0
Lomas de Zamora,Bs.As. G.B.A. Zona Sur,-34.7602034,-58.4507948,1.0,17946.77,apartment,2,17946.77,1,168,2,2,POINT (-58.4507948 -34.7602034),9
Lomas de Zamora,Bs.As. G.B.A. Zona Sur,-34.7815572,-58.3897769,251.0,250000.0,house,4 o mas,996.01593625498,2,168,2,4,POINT (-58.3897769 -34.7815572),1
Lomas de Zamora,Bs.As. G.B.A. Zona Sur,-34.7369558,-58.3949531,45.0,95000.0,apartment,2,2111.1111111111118,1,168,2,2,POINT (-58.3949531 -34.7369558),5
Lomas de Zamora,Bs.As. G.B.A. Zona Sur,-34.761182299999994,-58.4302476,371.0,175000.0,house,4 o mas,471.6981132075472,2,168,2,4,POINT (-58.4302476 -34.761182299999994),0
Lomas de Zamora,Bs.As. G.B.A. Zona Sur,-34.7662721,-58.4062502,64.0,130000.0,PH,2,2031.25,0,168,2,2,POINT (-58.4062502 -34.7662721),4
Lomas de Zamora,Bs.As. G.B.A. Zona Sur,-34.8133675,-58.39039150000001,90.0,280000.0,apartment,3,3111.1111111111118,1,168,2,3,POINT (-58.39039150000001 -34.8133675),8
Lomas de Zamora,Bs.As. G.B.A. Zona Sur,-34.7602034,-58.4507948,1.0,15142.59,PH,0,15142.59,0,168,2,0,POINT (-58.4507948 -34.7602034),9
Lomas de Zamora,Bs.As. G.B.A. Zona Sur,-34.7661745,-58.3958679,39.0,95000.0,apartment,2,2435.897435897436,1,168,2,2,POINT (-58.3958679 -34.7661745),6
Lomas de Zamora,Bs.As. G.B.A. Zona Sur,-34.7510254,-58.38393620000001,156.0,130000.0,house,3,833.3333333333334,2,168,2,3,POINT (-58.38393620000001 -34.7510254),0
Lomas de Zamora,Bs.As. G.B.A. Zona Sur,-34.7643244,-58.406344700000005,43.0,95000.0,apartment,1,2209.3023255813955,1,168,2,1,POINT (-58.406344700000005 -34.7643244),5
Lomas de Zamora,Bs.As. G.B.A. Zona Sur,-34.7671814,-58.44243639999999,35.0,100000.0,house,,2857.1428571428573,2,168,2,-1,POINT (-58.44243639999999 -34.7671814),7
Lomas de Zamora,Bs.As. G.B.A. Zona Sur,-34.76194,-58.377936,160.0,160000.0,house,4 o mas,1000.0,2,168,2,4,POINT (-58.377936 -34.76194),1
Lomas de Zamora,Bs.As. G.B.A. Zona Sur,-34.795006,-58.419085,204.0,187000.0,house,4 o mas,916.6666666666666,2,168,2,4,POINT (-58.419085 -34.795006),0
Lomas de Zamora,Bs.As. G.B.A. Zona Sur,-34.7489788,-58.3816503,223.0,170000.0,house,4 o mas,762.3318385650224,2,168,2,4,POINT (-58.3816503 -34.7489788),0
Lomas de Zamora,Bs.As. G.B.A. Zona Sur,-34.76262620000001,-58.3942636,55.0,130000.0,apartment,2,2363.6363636363635,1,168,2,2,POINT (-58.3942636 -34.76262620000001),6
Lomas de Zamora,Bs.As. G.B.A. Zona Sur,-34.733385299999995,-58.468422700000005,200.0,90000.0,house,4 o mas,450.0,2,168,2,4,POINT (-58.468422700000005 -34.733385299999995),0
Lomas de Zamora,Bs.As. G.B.A. Zona Sur,-34.7207099,-58.472171900000006,290.0,140000.0,house,4 o mas,482.7586206896552,2,168,2,4,POINT (-58.472171900000006 -34.7207099),0
Lomas de Zamora,Bs.As. G.B.A. Zona Sur,-34.7120186,-58.398041000000006,80.0,80000.0,PH,3,1000.0,0,168,2,3,POINT (-58.398041000000006 -34.7120186),1
Lomas de Zamora,Bs.As. G.B.A. Zona Sur,-34.7705787,-58.3969282,275.0,390000.0,house,4 o mas,1418.1818181818182,2,168,2,4,POINT (-58.3969282 -34.7705787),2
Lomas de Zamora,Bs.As. G.B.A. Zona Sur,-34.734646999999995,-58.405337,20.0,265000.0,house,4 o mas,13250.0,2,168,2,4,POINT (-58.405337 -34.734646999999995),9
Lomas de Zamora,Bs.As. G.B.A. Zona Sur,-34.7591557761,-58.4016098141,136.0,215000.0,apartment,4 o mas,1580.8823529411766,1,168,2,4,POINT (-58.4016098141 -34.7591557761),3
Lomas de Zamora,Bs.As. G.B.A. Zona Sur,-34.7466393,-58.4056855,300.0,190000.0,house,4 o mas,633.3333333333334,2,168,2,4,POINT (-58.4056855 -34.7466393),0
Lomas de Zamora,Bs.As. G.B.A. Zona Sur,-34.7433026832,-58.3519896979,172.0,130000.0,house,4 o mas,755.8139534883721,2,168,2,4,POINT (-58.3519896979 -34.7433026832),0
Lomas de Zamora,Bs.As. G.B.A. Zona Sur,-34.7485567,-58.3750429,140.0,190000.0,house,3,1357.142857142857,2,168,2,3,POINT (-58.3750429 -34.7485567),2
Lomas de Zamora,Bs.As. G.B.A. Zona Sur,-34.744493,-58.39493,31.0,49500.0,apartment,1,1596.774193548387,1,168,2,1,POINT (-58.39493 -34.744493),3
Lomas de Zamora,Bs.As. G.B.A. Zona Sur,-34.744978349200004,-58.3724479582,140.0,120000.0,house,3,857.1428571428571,2,168,2,3,POINT (-58.3724479582 -34.744978349200004),0
Lomas de Zamora,Bs.As. G.B.A. Zona Sur,-34.736244,-58.4113254,120.0,150000.0,house,1,1250.0,2,168,2,1,POINT (-58.4113254 -34.736244),1
Lomas de Zamora,Bs.As. G.B.A. Zona Sur,-34.7786878228,-58.4018524513,300.0,498000.0,house,4 o mas,1660.0,2,168,2,4,POINT (-58.4018524513 -34.7786878228),3
Lomas de Zamora,Bs.As. G.B.A. Zona Sur,-34.748634100000004,-58.4015686,50.0,89000.0,apartment,2,1780.0,1,168,2,2,POINT (-58.4015686 -34.748634100000004),3
Lomas de Zamora,Bs.As. G.B.A. Zona Sur,-34.7395979,-58.3810473,210.0,160000.0,house,4 o mas,761.9047619047619,2,168,2,4,POINT (-58.3810473 -34.7395979),0
Lomas de Zamora,Bs.As. G.B.A. Zona Sur,-34.7519221,-58.37512879999999,165.0,98000.0,house,4 o mas,593.939393939394,2,168,2,4,POINT (-58.37512879999999 -34.7519221),0
Lomas de Zamora,Bs.As. G.B.A. Zona Sur,-34.7656783,-58.3830055,108.0,170000.0,house,2,1574.074074074074,2,168,2,2,POINT (-58.3830055 -34.7656783),3
Lomas de Zamora,Bs.As. G.B.A. Zona Sur,-34.7282162,-58.48036629999999,150.0,55000.0,house,3,366.6666666666667,2,168,2,3,POINT (-58.48036629999999 -34.7282162),0
Lomas de Zamora,Bs.As. G.B.A. Zona Sur,-34.760385799999995,-58.4277761,130.0,67000.0,house,4 o mas,515.3846153846154,2,168,2,4,POINT (-58.4277761 -34.760385799999995),0
Lomas de Zamora,Bs.As. G.B.A. Zona Sur,-34.752289399999995,-58.396633,180.0,300000.0,house,4 o mas,1666.6666666666667,2,168,2,4,POINT (-58.396633 -34.752289399999995),3
Lomas de Zamora,Bs.As. G.B.A. Zona Sur,-34.7859932,-58.4307637,29.0,73000.0,PH,1,2517.2413793103447,0,168,2,1,POINT (-58.4307637 -34.7859932),6
Lomas de Zamora,Bs.As. G.B.A. Zona Sur,-34.7859932,-58.4307637,29.0,73000.0,PH,1,2517.2413793103447,0,168,2,1,POINT (-58.4307637 -34.7859932),6
Lomas de Zamora,Bs.As. G.B.A. Zona Sur,-34.7651646,-58.389408,54.0,79000.0,PH,2,1462.962962962963,0,168,2,2,POINT (-58.389408 -34.7651646),2
Lomas de Zamora,Bs.As. G.B.A. Zona Sur,-34.7666321,-58.40999820000001,115.0,197000.0,house,4 o mas,1713.0434782608695,2,168,2,4,POINT (-58.40999820000001 -34.7666321),3
Lomas de Zamora,Bs.As. G.B.A. Zona Sur,-34.782131,-58.41574,25.0,53000.0,PH,2,2120.0,0,168,2,2,POINT (-58.41574 -34.782131),5
Lomas de Zamora,Bs.As. G.B.A. Zona Sur,-34.753863,-58.385254,20.0,250000.0,house,4 o mas,12500.0,2,168,2,4,POINT (-58.385254 -34.753863),9
Lomas de Zamora,Bs.As. G.B.A. Zona Sur,-34.7498646,-58.3906386,194.0,270000.0,house,4 o mas,1391.7525773195875,2,168,2,4,POINT (-58.3906386 -34.7498646),2
Lomas de Zamora,Bs.As. G.B.A. Zona Sur,-34.744211,-58.394868,45.0,78500.0,apartment,2,1744.4444444444443,1,168,2,2,POINT (-58.394868 -34.744211),3
Lomas de Zamora,Bs.As. G.B.A. Zona Sur,-34.781135,-58.386521,147.0,240000.0,house,4 o mas,1632.65306122449,2,168,2,4,POINT (-58.386521 -34.781135),3
Lomas de Zamora,Bs.As. G.B.A. Zona Sur,-34.743476,-58.39471999999999,31.0,49500.0,apartment,1,1596.774193548387,1,168,2,1,POINT (-58.39471999999999 -34.743476),3
Lomas de Zamora,Bs.As. G.B.A. Zona Sur,-34.7504256,-58.386783400000006,150.0,135000.0,house,3,900.0,2,168,2,3,POINT (-58.386783400000006 -34.7504256),0
Lomas de Zamora,Bs.As. G.B.A. Zona Sur,-34.7446487,-58.3820751,300.0,400000.0,house,4 o mas,1333.3333333333333,2,168,2,4,POINT (-58.3820751 -34.7446487),2
Lomas de Zamora,Bs.As. G.B.A. Zona Sur,-34.7734745,-58.395360700000005,40.0,73000.0,apartment,1,1825.0,1,168,2,1,POINT (-58.395360700000005 -34.7734745),4
Lomas de Zamora,Bs.As. G.B.A. Zona Sur,-34.7729604,-58.401071,227.0,230000.0,house,,1013.215859030837,2,168,2,-1,POINT (-58.401071 -34.7729604),1
Lomas de Zamora,Bs.As. G.B.A. Zona Sur,-34.7763726,-58.3901844,245.0,195000.0,house,,795.9183673469388,2,168,2,-1,POINT (-58.3901844 -34.7763726),0
Lomas de Zamora,Bs.As. G.B.A. Zona Sur,-34.7655617,-58.405171900000006,160.0,160000.0,apartment,,1000.0,1,168,2,-1,POINT (-58.405171900000006 -34.7655617),1
Lomas de Zamora,Bs.As. G.B.A. Zona Sur,-34.7338344,-58.4191569,124.0,117000.0,house,,943.548387096774,2,168,2,-1,POINT (-58.4191569 -34.7338344),0
Lomas de Zamora,Bs.As. G.B.A. Zona Sur,-34.7506946,-58.4018829,42.0,90000.0,apartment,2,2142.8571428571427,1,168,2,2,POINT (-58.4018829 -34.7506946),5
Lomas de Zamora,Bs.As. G.B.A. Zona Sur,-34.7506946,-58.4018829,42.0,95000.0,apartment,2,2261.904761904762,1,168,2,2,POINT (-58.4018829 -34.7506946),5
Lomas de Zamora,Bs.As. G.B.A. Zona Sur,-34.758489399999995,-58.3931642,26.0,63500.0,apartment,1,2442.3076923076924,1,168,2,1,POINT (-58.3931642 -34.758489399999995),6
Lomas de Zamora,Bs.As. G.B.A. Zona Sur,-34.784516499999995,-58.39315179999999,160.0,220000.0,house,4 o mas,1375.0,2,168,2,4,POINT (-58.39315179999999 -34.784516499999995),2
Lomas de Zamora,Bs.As. G.B.A. Zona Sur,-34.7451288,-58.393722700000005,48.0,100000.0,apartment,1,2083.333333333333,1,168,2,1,POINT (-58.393722700000005 -34.7451288),5
Lomas de Zamora,Bs.As. G.B.A. Zona Sur,-34.7451288,-58.393722700000005,48.0,110000.0,apartment,1,2291.6666666666665,1,168,2,1,POINT (-58.393722700000005 -34.7451288),5
Lomas de Zamora,Bs.As. G.B.A. Zona Sur,-34.7365359,-58.4125245,27.0,180000.0,house,4 o mas,6666.666666666667,2,168,2,4,POINT (-58.4125245 -34.7365359),9
Lomas de Zamora,Bs.As. G.B.A. Zona Sur,-34.7432547,-58.4098213,150.0,150000.0,PH,,1000.0,0,168,2,-1,POINT (-58.4098213 -34.7432547),1
Lomas de Zamora,Bs.As. G.B.A. Zona Sur,-34.7595546,-58.4395194,350.0,120000.0,house,,342.85714285714283,2,168,2,-1,POINT (-58.4395194 -34.7595546),0
Lomas de Zamora,Bs.As. G.B.A. Zona Sur,-34.750786100000006,-58.4181958,40.0,74000.0,PH,2,1850.0,0,168,2,2,POINT (-58.4181958 -34.750786100000006),4
Lomas de Zamora,Bs.As. G.B.A. Zona Sur,-34.7383944,-58.393299600000006,35.0,68000.0,apartment,2,1942.857142857143,1,168,2,2,POINT (-58.393299600000006 -34.7383944),4
Lomas de Zamora,Bs.As. G.B.A. Zona Sur,-34.7797977913,-58.3955405775,35.0,63.0,apartment,2,1.8,1,168,2,2,POINT (-58.3955405775 -34.7797977913),0
Lomas de Zamora,Bs.As. G.B.A. Zona Sur,-34.777082,-58.3988,49.0,90000.0,apartment,2,1836.734693877551,1,168,2,2,POINT (-58.3988 -34.777082),4
Lomas de Zamora,Bs.As. G.B.A. Zona Sur,-34.763627,-58.363344,141.0,110000.0,house,4 o mas,780.1418439716313,2,168,2,4,POINT (-58.363344 -34.763627),0
Lomas de Zamora,Bs.As. G.B.A. Zona Sur,-34.777082,-58.3988,49.0,90000.0,apartment,2,1836.734693877551,1,168,2,2,POINT (-58.3988 -34.777082),4
Lomas de Zamora,Bs.As. G.B.A. Zona Sur,-34.776340999999995,-58.409886,165.0,142000.0,house,4 o mas,860.6060606060606,2,168,2,4,POINT (-58.409886 -34.776340999999995),0
Lomas de Zamora,Bs.As. G.B.A. Zona Sur,-34.7806452,-58.39812779999999,28.0,57000.0,apartment,1,2035.7142857142856,1,168,2,1,POINT (-58.39812779999999 -34.7806452),4
Lomas de Zamora,Bs.As. G.B.A. Zona Sur,-34.7532139,-58.4521298,109.0,175000.0,house,3,1605.5045871559632,2,168,2,3,POINT (-58.4521298 -34.7532139),3
Lomas de Zamora,Bs.As. G.B.A. Zona Sur,-34.7394074,-58.392482400000006,37.0,85000.0,apartment,1,2297.297297297297,1,168,2,1,POINT (-58.392482400000006 -34.7394074),5
Lomas de Zamora,Bs.As. G.B.A. Zona Sur,-34.769594,-58.4437585,92.0,160000.0,PH,,1739.1304347826087,0,168,2,-1,POINT (-58.4437585 -34.769594),3
Lomas de Zamora,Bs.As. G.B.A. Zona Sur,-34.769594,-58.4437585,92.0,80000.0,PH,,869.5652173913044,0,168,2,-1,POINT (-58.4437585 -34.769594),0
Lomas de Zamora,Bs.As. G.B.A. Zona Sur,-34.7778895,-58.3929762,1.0,65000.0,apartment,3,65000.0,1,168,2,3,POINT (-58.3929762 -34.7778895),9
Lomas de Zamora,Bs.As. G.B.A. Zona Sur,-34.7567686238,-58.4243451307,70.0,71500.0,PH,2,1021.4285714285714,0,168,2,2,POINT (-58.4243451307 -34.7567686238),1
Lomas de Zamora,Bs.As. G.B.A. Zona Sur,-34.795386,-58.4090019,70.0,140000.0,apartment,3,2000.0,1,168,2,3,POINT (-58.4090019 -34.795386),4
Lomas de Zamora,Bs.As. G.B.A. Zona Sur,-34.750032,-58.431247,116.0,80000.0,house,3,689.6551724137931,2,168,2,3,POINT (-58.431247 -34.750032),0
Lomas de Zamora,Bs.As. G.B.A. Zona Sur,-34.737038,-58.405190000000005,117.0,110000.0,PH,3,940.1709401709402,0,168,2,3,POINT (-58.405190000000005 -34.737038),0
Lomas de Zamora,Bs.As. G.B.A. Zona Sur,-34.779461,-58.397672,47.0,95000.0,apartment,2,2021.276595744681,1,168,2,2,POINT (-58.397672 -34.779461),4
Lomas de Zamora,Bs.As. G.B.A. Zona Sur,-34.7787452135,-58.41297118520001,55.0,70000.0,PH,3,1272.7272727272727,0,168,2,3,POINT (-58.41297118520001 -34.7787452135),1
Lomas de Zamora,Bs.As. G.B.A. Zona Sur,-34.7469849,-58.4072899,135.0,150000.0,house,3,1111.111111111111,2,168,2,3,POINT (-58.4072899 -34.7469849),1
Lomas de Zamora,Bs.As. G.B.A. Zona Sur,-34.7739967,-58.38415179999999,1815.0,450000.0,house,4 o mas,247.93388429752065,2,168,2,4,POINT (-58.38415179999999 -34.7739967),0
Lomas de Zamora,Bs.As. G.B.A. Zona Sur,-34.7705910265,-58.4144843674,250.0,280000.0,house,4 o mas,1120.0,2,168,2,4,POINT (-58.4144843674 -34.7705910265),1
Lomas de Zamora,Bs.As. G.B.A. Zona Sur,-34.77345029999999,-58.3915991,33.0,65000.0,apartment,2,1969.6969696969695,1,168,2,2,POINT (-58.3915991 -34.77345029999999),4
Lomas de Zamora,Bs.As. G.B.A. Zona Sur,-34.77345029999999,-58.3915991,33.0,67000.0,apartment,2,2030.3030303030305,1,168,2,2,POINT (-58.3915991 -34.77345029999999),4
Lomas de Zamora,Bs.As. G.B.A. Zona Sur,-34.736255431,-58.3918534423,42.0,89000.0,apartment,2,2119.0476190476197,1,168,2,2,POINT (-58.3918534423 -34.736255431),5
Lomas de Zamora,Bs.As. G.B.A. Zona Sur,-34.736255431,-58.3918534423,42.0,80000.0,apartment,2,1904.7619047619048,1,168,2,2,POINT (-58.3918534423 -34.736255431),4
Lomas de Zamora,Bs.As. G.B.A. Zona Sur,-34.736255431,-58.3918534423,42.0,86000.0,apartment,2,2047.619047619048,1,168,2,2,POINT (-58.3918534423 -34.736255431),5
Lomas de Zamora,Bs.As. G.B.A. Zona Sur,-34.736255431,-58.3918534423,42.0,89000.0,apartment,2,2119.0476190476197,1,168,2,2,POINT (-58.3918534423 -34.736255431),5
Lomas de Zamora,Bs.As. G.B.A. Zona Sur,-34.736255431,-58.3918534423,42.0,92000.0,apartment,2,2190.4761904761904,1,168,2,2,POINT (-58.3918534423 -34.736255431),5
Lomas de Zamora,Bs.As. G.B.A. Zona Sur,-34.779461,-58.397672,47.0,110000.0,apartment,2,2340.425531914894,1,168,2,2,POINT (-58.397672 -34.779461),6
Lomas de Zamora,Bs.As. G.B.A. Zona Sur,-34.7503458,-58.3930308,110.0,160000.0,PH,4 o mas,1454.5454545454545,0,168,2,4,POINT (-58.3930308 -34.7503458),2
Lomas de Zamora,Bs.As. G.B.A. Zona Sur,-34.7413377,-58.3986076,330.0,440000.0,store,3,1333.3333333333333,3,168,2,3,POINT (-58.3986076 -34.7413377),2
Lomas de Zamora,Bs.As. G.B.A. Zona Sur,-34.7696473,-58.3953312,500.0,530000.0,house,4 o mas,1060.0,2,168,2,4,POINT (-58.3953312 -34.7696473),1
Lomas de Zamora,Bs.As. G.B.A. Zona Sur,-34.7471711,-58.40134739999999,339.0,950000.0,house,3,2802.3598820059,2,168,2,3,POINT (-58.40134739999999 -34.7471711),7
Lomas de Zamora,Bs.As. G.B.A. Zona Sur,-34.7384265,-58.390942200000005,168.0,210000.0,house,4 o mas,1250.0,2,168,2,4,POINT (-58.390942200000005 -34.7384265),1
Lomas de Zamora,Bs.As. G.B.A. Zona Sur,-34.77361629999999,-58.40479200000001,300.0,950000.0,house,4 o mas,3166.6666666666665,2,168,2,4,POINT (-58.40479200000001 -34.77361629999999),8
Lomas de Zamora,Bs.As. G.B.A. Zona Sur,-34.7432818,-58.4031382,250.0,430000.0,PH,4 o mas,1720.0,0,168,2,4,POINT (-58.4031382 -34.7432818),3
Lomas de Zamora,Bs.As. G.B.A. Zona Sur,-34.762345200000006,-58.3839497,114.0,135000.0,house,2,1184.2105263157894,2,168,2,2,POINT (-58.3839497 -34.762345200000006),1
Lomas de Zamora,Bs.As. G.B.A. Zona Sur,-34.7441827,-58.385924200000005,50.0,210000.0,house,,4200.0,2,168,2,-1,POINT (-58.385924200000005 -34.7441827),9
Lomas de Zamora,Bs.As. G.B.A. Zona Sur,-34.7410092,-58.3925647,18.0,550000.0,house,,30555.555555555555,2,168,2,-1,POINT (-58.3925647 -34.7410092),9
Lomas de Zamora,Bs.As. G.B.A. Zona Sur,-34.752942600000004,-58.38602679999999,81.0,120000.0,PH,3,1481.4814814814815,0,168,2,3,POINT (-58.38602679999999 -34.752942600000004),2
Lomas de Zamora,Bs.As. G.B.A. Zona Sur,-34.7385761,-58.41153520000001,94.0,220000.0,house,2,2340.425531914894,2,168,2,2,POINT (-58.41153520000001 -34.7385761),6
Lomas de Zamora,Bs.As. G.B.A. Zona Sur,-34.7907178,-58.4189865,150.0,210000.0,house,3,1400.0,2,168,2,3,POINT (-58.4189865 -34.7907178),2
Lomas de Zamora,Bs.As. G.B.A. Zona Sur,-34.77098170000001,-58.39794989999999,779.0,800000.0,house,4 o mas,1026.9576379974326,2,168,2,4,POINT (-58.39794989999999 -34.77098170000001),1
Lomas de Zamora,Bs.As. G.B.A. Zona Sur,-34.7709856,-58.3979494,790.0,800000.0,house,4 o mas,1012.6582278481012,2,168,2,4,POINT (-58.3979494 -34.7709856),1
Lomas de Zamora,Bs.As. G.B.A. Zona Sur,-34.7528586,-58.4039402,120.0,180000.0,house,3,1500.0,2,168,2,3,POINT (-58.4039402 -34.7528586),2
Lomas de Zamora,Bs.As. G.B.A. Zona Sur,-34.7478511,-58.3797484,94.0,175000.0,house,2,1861.7021276595744,2,168,2,2,POINT (-58.3797484 -34.7478511),4
Lomas de Zamora,Bs.As. G.B.A. Zona Sur,-34.7666444,-58.3965734,170.0,700000.0,apartment,4 o mas,4117.64705882353,1,168,2,4,POINT (-58.3965734 -34.7666444),9
Lomas de Zamora,Bs.As. G.B.A. Zona Sur,-34.7777403,-58.4000131,130.0,255000.0,house,3,1961.5384615384612,2,168,2,3,POINT (-58.4000131 -34.7777403),4
Lomas de Zamora,Bs.As. G.B.A. Zona Sur,-34.7432956,-58.3935824,45.0,85000.0,apartment,1,1888.888888888889,1,168,2,1,POINT (-58.3935824 -34.7432956),4
Lomas de Zamora,Bs.As. G.B.A. Zona Sur,-34.7729604,-58.401071,65.0,145000.0,apartment,3,2230.769230769231,1,168,2,3,POINT (-58.401071 -34.7729604),5
Lomas de Zamora,Bs.As. G.B.A. Zona Sur,-34.745157,-58.38752660000001,115.0,155000.0,PH,4 o mas,1347.8260869565215,0,168,2,4,POINT (-58.38752660000001 -34.745157),2
Lomas de Zamora,Bs.As. G.B.A. Zona Sur,-34.744892799999995,-58.4097905,97.0,135000.0,house,2,1391.7525773195875,2,168,2,2,POINT (-58.4097905 -34.744892799999995),2
Lomas de Zamora,Bs.As. G.B.A. Zona Sur,-34.7388528,-58.3981215,40.0,80000.0,apartment,1,2000.0,1,168,2,1,POINT (-58.3981215 -34.7388528),4
Lomas de Zamora,Bs.As. G.B.A. Zona Sur,-34.74435089999999,-58.396204700000006,40.0,90000.0,apartment,1,2250.0,1,168,2,1,POINT (-58.396204700000006 -34.74435089999999),5
Lomas de Zamora,Bs.As. G.B.A. Zona Sur,-34.7387823,-58.406946,746.0,1500000.0,house,4 o mas,2010.7238605898124,2,168,2,4,POINT (-58.406946 -34.7387823),4
Lomas de Zamora,Bs.As. G.B.A. Zona Sur,-34.736228600000004,-58.4332338,67.0,50000.0,apartment,2,746.2686567164179,1,168,2,2,POINT (-58.4332338 -34.736228600000004),0
Lomas de Zamora,Bs.As. G.B.A. Zona Sur,-34.744594,-58.3919427,37.0,77700.0,apartment,1,2100.0,1,168,2,1,POINT (-58.3919427 -34.744594),5
Lomas de Zamora,Bs.As. G.B.A. Zona Sur,-34.7756439,-58.4034529,355.0,850000.0,house,4 o mas,2394.3661971830984,2,168,2,4,POINT (-58.4034529 -34.7756439),6
Lomas de Zamora,Bs.As. G.B.A. Zona Sur,-34.744594,-58.3919427,37.0,78700.0,apartment,1,2127.027027027027,1,168,2,1,POINT (-58.3919427 -34.744594),5
Lomas de Zamora,Bs.As. G.B.A. Zona Sur,-34.744594,-58.3919427,41.0,89700.0,apartment,1,2187.8048780487807,1,168,2,1,POINT (-58.3919427 -34.744594),5
Lomas de Zamora,Bs.As. G.B.A. Zona Sur,-34.744973,-58.3900988,120.0,230000.0,house,4 o mas,1916.6666666666667,2,168,2,4,POINT (-58.3900988 -34.744973),4
Lomas de Zamora,Bs.As. G.B.A. Zona Sur,-34.744594,-58.3919427,37.0,79700.0,apartment,1,2154.054054054054,1,168,2,1,POINT (-58.3919427 -34.744594),5
Lomas de Zamora,Bs.As. G.B.A. Zona Sur,-34.744594,-58.3919427,41.0,90700.0,apartment,1,2212.19512195122,1,168,2,1,POINT (-58.3919427 -34.744594),5
Lomas de Zamora,Bs.As. G.B.A. Zona Sur,-34.7425559,-58.3979159,304.0,500000.0,house,4 o mas,1644.7368421052631,2,168,2,4,POINT (-58.3979159 -34.7425559),3
Lomas de Zamora,Bs.As. G.B.A. Zona Sur,-34.7336324,-58.4361434,379.0,350000.0,store,4 o mas,923.4828496042217,3,168,2,4,POINT (-58.4361434 -34.7336324),0
Lomas de Zamora,Bs.As. G.B.A. Zona Sur,-34.744594,-58.3919427,37.0,80700.0,apartment,1,2181.0810810810813,1,168,2,1,POINT (-58.3919427 -34.744594),5
Lomas de Zamora,Bs.As. G.B.A. Zona Sur,-34.744594,-58.3919427,41.0,91700.0,apartment,1,2236.5853658536585,1,168,2,1,POINT (-58.3919427 -34.744594),5
Lomas de Zamora,Bs.As. G.B.A. Zona Sur,-34.734712200000004,-58.4134585,63.0,140000.0,PH,3,2222.222222222222,0,168,2,3,POINT (-58.4134585 -34.734712200000004),5
Lomas de Zamora,Bs.As. G.B.A. Zona Sur,-34.744594,-58.3919427,38.0,84700.0,apartment,1,2228.9473684210525,1,168,2,1,POINT (-58.3919427 -34.744594),5
Lomas de Zamora,Bs.As. G.B.A. Zona Sur,-34.744594,-58.3919427,37.0,81700.0,apartment,1,2208.108108108108,1,168,2,1,POINT (-58.3919427 -34.744594),5
Lomas de Zamora,Bs.As. G.B.A. Zona Sur,-34.7384752,-58.3924855,110.0,175000.0,apartment,4 o mas,1590.909090909091,1,168,2,4,POINT (-58.3924855 -34.7384752),3
Lomas de Zamora,Bs.As. G.B.A. Zona Sur,-34.7479105,-58.398499300000005,300.0,490000.0,house,4 o mas,1633.3333333333333,2,168,2,4,POINT (-58.398499300000005 -34.7479105),3
Lomas de Zamora,Bs.As. G.B.A. Zona Sur,-34.7570922,-58.3830287,131.0,188000.0,house,3,1435.1145038167938,2,168,2,3,POINT (-58.3830287 -34.7570922),2
Lomas de Zamora,Bs.As. G.B.A. Zona Sur,-34.7886573,-58.402484400000006,128.0,195000.0,house,3,1523.4375,2,168,2,3,POINT (-58.402484400000006 -34.7886573),2
Lomas de Zamora,Bs.As. G.B.A. Zona Sur,-34.7391687,-58.3998162,290.0,480000.0,house,2,1655.1724137931035,2,168,2,2,POINT (-58.3998162 -34.7391687),3
Lomas de Zamora,Bs.As. G.B.A. Zona Sur,-34.7471692,-58.4013619,240.0,370000.0,house,4 o mas,1541.6666666666667,2,168,2,4,POINT (-58.4013619 -34.7471692),2
Lomas de Zamora,Bs.As. G.B.A. Zona Sur,-34.7400402,-58.3983303,379.0,850000.0,house,4 o mas,2242.7440633245383,2,168,2,4,POINT (-58.3983303 -34.7400402),5
Lomas de Zamora,Bs.As. G.B.A. Zona Sur,-34.7669753,-58.36241629999999,200.0,80000.0,house,,400.0,2,168,2,-1,POINT (-58.36241629999999 -34.7669753),0
Lomas de Zamora,Bs.As. G.B.A. Zona Sur,-34.771224,-58.395686,65.0,175000.0,apartment,2,2692.3076923076924,1,168,2,2,POINT (-58.395686 -34.771224),7
Lomas de Zamora,Bs.As. G.B.A. Zona Sur,-34.7413253,-58.415032,180.0,110000.0,store,3,611.1111111111111,3,168,2,3,POINT (-58.415032 -34.7413253),0
Lomas de Zamora,Bs.As. G.B.A. Zona Sur,-34.783162299999994,-58.4144512,120.0,140000.0,house,4 o mas,1166.6666666666667,2,168,2,4,POINT (-58.4144512 -34.783162299999994),1
Lomas de Zamora,Bs.As. G.B.A. Zona Sur,-34.7396209,-58.4012264,450.0,800000.0,house,4 o mas,1777.7777777777778,2,168,2,4,POINT (-58.4012264 -34.7396209),3
Lomas de Zamora,Bs.As. G.B.A. Zona Sur,-34.735847799999995,-58.4091544,667.0,450000.0,house,,674.6626686656672,2,168,2,-1,POINT (-58.4091544 -34.735847799999995),0
Lomas de Zamora,Bs.As. G.B.A. Zona Sur,-34.744004600000004,-58.3964294,90.0,135000.0,apartment,3,1500.0,1,168,2,3,POINT (-58.3964294 -34.744004600000004),2
Lomas de Zamora,Bs.As. G.B.A. Zona Sur,-34.7382253,-58.4024903,210.0,290000.0,house,4 o mas,1380.952380952381,2,168,2,4,POINT (-58.4024903 -34.7382253),2
Lomas de Zamora,Bs.As. G.B.A. Zona Sur,-34.774863700000004,-58.3981871,49.0,85000.0,apartment,1,1734.6938775510205,1,168,2,1,POINT (-58.3981871 -34.774863700000004),3
Lomas de Zamora,Bs.As. G.B.A. Zona Sur,-34.743192,-58.40933470000001,250.0,300000.0,house,4 o mas,1200.0,2,168,2,4,POINT (-58.40933470000001 -34.743192),1
Lomas de Zamora,Bs.As. G.B.A. Zona Sur,-34.747195500000004,-58.4019363,350.0,650000.0,house,4 o mas,1857.142857142857,2,168,2,4,POINT (-58.4019363 -34.747195500000004),4
Lomas de Zamora,Bs.As. G.B.A. Zona Sur,-34.7643446,-58.3877646,180.0,130000.0,house,4 o mas,722.2222222222222,2,168,2,4,POINT (-58.3877646 -34.7643446),0
Lomas de Zamora,Bs.As. G.B.A. Zona Sur,-34.738867299999995,-58.398110200000005,172.0,235000.0,house,,1366.2790697674418,2,168,2,-1,POINT (-58.398110200000005 -34.738867299999995),2
Lomas de Zamora,Bs.As. G.B.A. Zona Sur,-34.7412223,-58.3994635,372.0,520000.0,house,4 o mas,1397.8494623655913,2,168,2,4,POINT (-58.3994635 -34.7412223),2
Lomas de Zamora,Bs.As. G.B.A. Zona Sur,-34.7413669,-58.4074092,120.0,280000.0,house,3,2333.333333333333,2,168,2,3,POINT (-58.4074092 -34.7413669),6
Lomas de Zamora,Bs.As. G.B.A. Zona Sur,-34.7386139,-58.4074564,66.0,98000.0,house,1,1484.8484848484848,2,168,2,1,POINT (-58.4074564 -34.7386139),2
Lomas de Zamora,Bs.As. G.B.A. Zona Sur,-34.7652198,-58.387893700000006,159.0,180000.0,house,3,1132.0754716981132,2,168,2,3,POINT (-58.387893700000006 -34.7652198),1
Lomas de Zamora,Bs.As. G.B.A. Zona Sur,-34.735920799999995,-58.40478149999999,350.0,520000.0,house,4 o mas,1485.7142857142858,2,168,2,4,POINT (-58.40478149999999 -34.735920799999995),2
Lomas de Zamora,Bs.As. G.B.A. Zona Sur,-34.742793,-58.411997,73.0,85000.0,house,1,1164.3835616438355,2,168,2,1,POINT (-58.411997 -34.742793),1
Lomas de Zamora,Bs.As. G.B.A. Zona Sur,-34.7583665,-58.3991918,114.0,300000.0,apartment,3,2631.5789473684213,1,168,2,3,POINT (-58.3991918 -34.7583665),7
Lomas de Zamora,Bs.As. G.B.A. Zona Sur,-34.750161299999995,-58.3969743,492.0,800000.0,house,4 o mas,1626.0162601626016,2,168,2,4,POINT (-58.3969743 -34.750161299999995),3
Lomas de Zamora,Bs.As. G.B.A. Zona Sur,-34.7374365,-58.3999968,42.0,90000.0,apartment,1,2142.8571428571427,1,168,2,1,POINT (-58.3999968 -34.7374365),5
Lomas de Zamora,Bs.As. G.B.A. Zona Sur,-34.7425295,-58.3996504,648.0,1500000.0,house,4 o mas,2314.814814814815,2,168,2,4,POINT (-58.3996504 -34.7425295),6
Lomas de Zamora,Bs.As. G.B.A. Zona Sur,-34.7474066,-58.4004122,150.0,250000.0,house,3,1666.6666666666667,2,168,2,3,POINT (-58.4004122 -34.7474066),3
Lomas de Zamora,Bs.As. G.B.A. Zona Sur,-34.740458700000005,-58.421645700000006,60.0,110000.0,house,1,1833.3333333333333,2,168,2,1,POINT (-58.421645700000006 -34.740458700000005),4
Lomas de Zamora,Bs.As. G.B.A. Zona Sur,-34.7583665,-58.3991918,97.0,360000.0,apartment,3,3711.340206185567,1,168,2,3,POINT (-58.3991918 -34.7583665),8
Lomas de Zamora,Bs.As. G.B.A. Zona Sur,-34.750102899999995,-58.4226914,250.0,69500.0,house,4 o mas,278.0,2,168,2,4,POINT (-58.4226914 -34.750102899999995),0
Lomas de Zamora,Bs.As. G.B.A. Zona Sur,-34.745968100000006,-58.39809640000001,350.0,495000.0,house,4 o mas,1414.2857142857142,2,168,2,4,POINT (-58.39809640000001 -34.745968100000006),2
Lomas de Zamora,Bs.As. G.B.A. Zona Sur,-34.7533459,-58.371046,65.0,135000.0,apartment,2,2076.923076923077,1,168,2,2,POINT (-58.371046 -34.7533459),5
Lomas de Zamora,Bs.As. G.B.A. Zona Sur,-34.7707801,-58.4017673,1188.0,1000000.0,house,,841.7508417508418,2,168,2,-1,POINT (-58.4017673 -34.7707801),0
Lomas de Zamora,Bs.As. G.B.A. Zona Sur,-34.7434708,-58.4006308,202.0,380000.0,house,4 o mas,1881.1881188118807,2,168,2,4,POINT (-58.4006308 -34.7434708),4
Lomas de Zamora,Bs.As. G.B.A. Zona Sur,-34.7417661,-58.4031019,200.0,380000.0,house,4 o mas,1900.0,2,168,2,4,POINT (-58.4031019 -34.7417661),4
Lomas de Zamora,Bs.As. G.B.A. Zona Sur,-34.748971999999995,-58.392785200000006,500.0,800000.0,house,4 o mas,1600.0,2,168,2,4,POINT (-58.392785200000006 -34.748971999999995),3
Lomas de Zamora,Bs.As. G.B.A. Zona Sur,-34.7739245,-58.410185600000005,160.0,170000.0,house,4 o mas,1062.5,2,168,2,4,POINT (-58.410185600000005 -34.7739245),1
Lomas de Zamora,Bs.As. G.B.A. Zona Sur,-34.740038,-58.3983439,282.0,800000.0,store,,2836.8794326241136,3,168,2,-1,POINT (-58.3983439 -34.740038),7
Lomas de Zamora,Bs.As. G.B.A. Zona Sur,-34.746208,-58.4079668,145.0,210000.0,house,3,1448.2758620689656,2,168,2,3,POINT (-58.4079668 -34.746208),2
Lomas de Zamora,Bs.As. G.B.A. Zona Sur,-34.7421761,-58.3986634,43.0,80000.0,apartment,1,1860.4651162790697,1,168,2,1,POINT (-58.3986634 -34.7421761),4
Lomas de Zamora,Bs.As. G.B.A. Zona Sur,-34.748971999999995,-58.392785200000006,495.0,800000.0,house,4 o mas,1616.1616161616162,2,168,2,4,POINT (-58.392785200000006 -34.748971999999995),3
Lomas de Zamora,Bs.As. G.B.A. Zona Sur,-34.7685721,-58.3915707,500.0,750000.0,house,4 o mas,1500.0,2,168,2,4,POINT (-58.3915707 -34.7685721),2
Lomas de Zamora,Bs.As. G.B.A. Zona Sur,-34.746263,-58.4080424,362.0,490000.0,house,4 o mas,1353.5911602209944,2,168,2,4,POINT (-58.4080424 -34.746263),2
Lomas de Zamora,Bs.As. G.B.A. Zona Sur,-34.7467814,-58.40514350000001,230.0,510000.0,house,4 o mas,2217.391304347826,2,168,2,4,POINT (-58.40514350000001 -34.7467814),5
Lomas de Zamora,Bs.As. G.B.A. Zona Sur,-34.747539200000006,-58.4074101,178.0,145000.0,house,4 o mas,814.6067415730337,2,168,2,4,POINT (-58.4074101 -34.747539200000006),0
Lomas de Zamora,Bs.As. G.B.A. Zona Sur,-34.7500937,-58.3975099,260.0,350000.0,house,4 o mas,1346.1538461538462,2,168,2,4,POINT (-58.3975099 -34.7500937),2
Lomas de Zamora,Bs.As. G.B.A. Zona Sur,-34.7870161,-58.408034,672.0,500000.0,store,4 o mas,744.047619047619,3,168,2,4,POINT (-58.408034 -34.7870161),0
Lomas de Zamora,Bs.As. G.B.A. Zona Sur,-34.779781400000005,-58.4046235,184.0,300000.0,house,4 o mas,1630.4347826086955,2,168,2,4,POINT (-58.4046235 -34.779781400000005),3
Lomas de Zamora,Bs.As. G.B.A. Zona Sur,-34.738125700000005,-58.3953114,244.0,445000.0,house,4 o mas,1823.770491803279,2,168,2,4,POINT (-58.3953114 -34.738125700000005),4
Lomas de Zamora,Bs.As. G.B.A. Zona Sur,-34.7450768,-58.4081385,162.0,120000.0,house,4 o mas,740.7407407407408,2,168,2,4,POINT (-58.4081385 -34.7450768),0
Lomas de Zamora,Bs.As. G.B.A. Zona Sur,-34.7795906,-58.3935166,90.0,150000.0,house,2,1666.6666666666667,2,168,2,2,POINT (-58.3935166 -34.7795906),3
Lomas de Zamora,Bs.As. G.B.A. Zona Sur,-34.7830798,-58.4044451,330.0,289000.0,house,4 o mas,875.7575757575758,2,168,2,4,POINT (-58.4044451 -34.7830798),0
Lomas de Zamora,Bs.As. G.B.A. Zona Sur,-34.7405998,-58.4031203,273.0,440000.0,house,4 o mas,1611.7216117216117,2,168,2,4,POINT (-58.4031203 -34.7405998),3
Lomas de Zamora,Bs.As. G.B.A. Zona Sur,-34.7450043,-58.3763686,47.0,70000.0,apartment,2,1489.3617021276596,1,168,2,2,POINT (-58.3763686 -34.7450043),2
Lomas de Zamora,Bs.As. G.B.A. Zona Sur,-34.7465806,-58.39985079999999,100.0,165000.0,apartment,3,1650.0,1,168,2,3,POINT (-58.39985079999999 -34.7465806),3
Lomas de Zamora,Bs.As. G.B.A. Zona Sur,-34.7490742,-58.4047968,50.0,92000.0,apartment,1,1840.0,1,168,2,1,POINT (-58.4047968 -34.7490742),4
Lomas de Zamora,Bs.As. G.B.A. Zona Sur,-34.7490742,-58.4047968,50.0,106000.0,apartment,1,2120.0,1,168,2,1,POINT (-58.4047968 -34.7490742),5
Lomas de Zamora,Bs.As. G.B.A. Zona Sur,-34.773921,-58.393884,200.0,310000.0,house,2,1550.0,2,168,2,2,POINT (-58.393884 -34.773921),2
Lomas de Zamora,Bs.As. G.B.A. Zona Sur,-34.744648600000005,-58.3887786,90.0,89000.0,apartment,3,988.8888888888888,1,168,2,3,POINT (-58.3887786 -34.744648600000005),1
Lomas de Zamora,Bs.As. G.B.A. Zona Sur,-34.7493582,-58.3847317,85.0,150000.0,apartment,4 o mas,1764.7058823529412,1,168,2,4,POINT (-58.3847317 -34.7493582),3
Lomas de Zamora,Bs.As. G.B.A. Zona Sur,-34.7888802,-58.4179134,100.0,120000.0,house,2,1200.0,2,168,2,2,POINT (-58.4179134 -34.7888802),1
Lomas de Zamora,Bs.As. G.B.A. Zona Sur,-34.751474200000004,-58.4053055,135.0,190000.0,house,3,1407.4074074074074,2,168,2,3,POINT (-58.4053055 -34.751474200000004),2
Lomas de Zamora,Bs.As. G.B.A. Zona Sur,-34.7468253,-58.403921200000006,200.0,480000.0,house,4 o mas,2400.0,2,168,2,4,POINT (-58.403921200000006 -34.7468253),6
Lomas de Zamora,Bs.As. G.B.A. Zona Sur,-34.7361311,-58.4115193,176.0,200000.0,house,4 o mas,1136.3636363636365,2,168,2,4,POINT (-58.4115193 -34.7361311),1
Lomas de Zamora,Bs.As. G.B.A. Zona Sur,-34.740494500000004,-58.3955956,360.0,350000.0,house,4 o mas,972.2222222222222,2,168,2,4,POINT (-58.3955956 -34.740494500000004),1
Lomas de Zamora,Bs.As. G.B.A. Zona Sur,-34.7729604,-58.401071,38.0,80000.0,apartment,2,2105.2631578947367,1,168,2,2,POINT (-58.401071 -34.7729604),5
Lomas de Zamora,Bs.As. G.B.A. Zona Sur,-34.8407633,-58.450157,170.0,160000.0,house,4 o mas,941.1764705882352,2,168,2,4,POINT (-58.450157 -34.8407633),0
Lomas de Zamora,Bs.As. G.B.A. Zona Sur,-34.78356420000001,-58.4070849,1112.0,1150000.0,store,,1034.1726618705036,3,168,2,-1,POINT (-58.4070849 -34.78356420000001),1
Lomas de Zamora,Bs.As. G.B.A. Zona Sur,-34.748634100000004,-58.398982700000005,310.0,680000.0,house,4 o mas,2193.548387096774,2,168,2,4,POINT (-58.398982700000005 -34.748634100000004),5
Lomas de Zamora,Bs.As. G.B.A. Zona Sur,-34.7850261,-58.40605179999999,32.0,62000.0,apartment,1,1937.5,1,168,2,1,POINT (-58.40605179999999 -34.7850261),4
Lomas de Zamora,Bs.As. G.B.A. Zona Sur,-34.7417025,-58.3958517,175.0,325000.0,house,4 o mas,1857.142857142857,2,168,2,4,POINT (-58.3958517 -34.7417025),4
Lomas de Zamora,Bs.As. G.B.A. Zona Sur,-34.7413544,-58.38991020000001,60.0,130000.0,apartment,3,2166.6666666666665,1,168,2,3,POINT (-58.38991020000001 -34.7413544),5
Lomas de Zamora,Bs.As. G.B.A. Zona Sur,-34.7857328,-58.4073792,45.0,72000.0,apartment,1,1600.0,1,168,2,1,POINT (-58.4073792 -34.7857328),3
Lomas de Zamora,Bs.As. G.B.A. Zona Sur,-34.7857328,-58.4073792,56.0,90000.0,apartment,3,1607.142857142857,1,168,2,3,POINT (-58.4073792 -34.7857328),3
Lomas de Zamora,Bs.As. G.B.A. Zona Sur,-34.779777200000005,-58.3983957,160.0,250000.0,house,4 o mas,1562.5,2,168,2,4,POINT (-58.3983957 -34.779777200000005),3
Lomas de Zamora,Bs.As. G.B.A. Zona Sur,-34.780322,-58.3948115,50.0,70000.0,apartment,3,1400.0,1,168,2,3,POINT (-58.3948115 -34.780322),2
Lomas de Zamora,Bs.As. G.B.A. Zona Sur,-34.7667492,-58.3888663,203.0,260000.0,house,4 o mas,1280.7881773399015,2,168,2,4,POINT (-58.3888663 -34.7667492),1
Lomas de Zamora,Bs.As. G.B.A. Zona Sur,-34.7591935,-58.36991389999999,228.0,180000.0,store,,789.4736842105264,3,168,2,-1,POINT (-58.36991389999999 -34.7591935),0
Lomas de Zamora,Bs.As. G.B.A. Zona Sur,-34.78681029999999,-58.3932355,30.0,145000.0,house,,4833.333333333333,2,168,2,-1,POINT (-58.3932355 -34.78681029999999),9
Lomas de Zamora,Bs.As. G.B.A. Zona Sur,-34.7397249,-58.3968787,88.0,160000.0,house,2,1818.1818181818185,2,168,2,2,POINT (-58.3968787 -34.7397249),4
Lomas de Zamora,Bs.As. G.B.A. Zona Sur,-34.7380618,-58.4214784,80.0,115000.0,house,2,1437.5,2,168,2,2,POINT (-58.4214784 -34.7380618),2
Lomas de Zamora,Bs.As. G.B.A. Zona Sur,-34.7771566,-58.3954826,338.0,200000.0,house,,591.7159763313609,2,168,2,-1,POINT (-58.3954826 -34.7771566),0
Lomas de Zamora,Bs.As. G.B.A. Zona Sur,-34.7640234,-58.3828474,135.0,200000.0,house,3,1481.4814814814815,2,168,2,3,POINT (-58.3828474 -34.7640234),2
Lomas de Zamora,Bs.As. G.B.A. Zona Sur,-34.7441093,-58.4095355,190.0,390000.0,house,4 o mas,2052.6315789473683,2,168,2,4,POINT (-58.4095355 -34.7441093),5
Lomas de Zamora,Bs.As. G.B.A. Zona Sur,-34.80187479999999,-58.4304994,110.0,105000.0,house,2,954.5454545454544,2,168,2,2,POINT (-58.4304994 -34.80187479999999),0
Lomas de Zamora,Bs.As. G.B.A. Zona Sur,-34.7761481,-58.38981089999999,312.0,260000.0,house,4 o mas,833.3333333333334,2,168,2,4,POINT (-58.38981089999999 -34.7761481),0
Lomas de Zamora,Bs.As. G.B.A. Zona Sur,-34.778995200000004,-58.4006224,45.0,79000.0,apartment,2,1755.5555555555557,1,168,2,2,POINT (-58.4006224 -34.778995200000004),3
Lomas de Zamora,Bs.As. G.B.A. Zona Sur,-34.7393403,-58.395404500000005,330.0,280000.0,house,4 o mas,848.4848484848485,2,168,2,4,POINT (-58.395404500000005 -34.7393403),0
Lomas de Zamora,Bs.As. G.B.A. Zona Sur,-34.7413431,-58.3941589,28.0,66000.0,apartment,1,2357.1428571428573,1,168,2,1,POINT (-58.3941589 -34.7413431),6
Lomas de Zamora,Bs.As. G.B.A. Zona Sur,-34.7764011,-58.4100132,106.0,88000.0,house,2,830.188679245283,2,168,2,2,POINT (-58.4100132 -34.7764011),0
Lomas de Zamora,Bs.As. G.B.A. Zona Sur,-34.7676576,-58.3832664,250.0,240000.0,house,4 o mas,960.0,2,168,2,4,POINT (-58.3832664 -34.7676576),0
Lomas de Zamora,Bs.As. G.B.A. Zona Sur,-34.77431,-58.3936622,500.0,350000.0,house,4 o mas,700.0,2,168,2,4,POINT (-58.3936622 -34.77431),0
Lomas de Zamora,Bs.As. G.B.A. Zona Sur,-34.787268700000006,-58.4102836,271.0,250000.0,house,4 o mas,922.509225092251,2,168,2,4,POINT (-58.4102836 -34.787268700000006),0
Lomas de Zamora,Bs.As. G.B.A. Zona Sur,-34.778430900000004,-58.3994751,45.0,90000.0,apartment,2,2000.0,1,168,2,2,POINT (-58.3994751 -34.778430900000004),4
Lomas de Zamora,Bs.As. G.B.A. Zona Sur,-34.7850261,-58.40605179999999,37.0,82000.0,apartment,1,2216.2162162162163,1,168,2,1,POINT (-58.40605179999999 -34.7850261),5
Lomas de Zamora,Bs.As. G.B.A. Zona Sur,-34.7403979,-58.3881324,57.0,140000.0,PH,2,2456.1403508771928,0,168,2,2,POINT (-58.3881324 -34.7403979),6
Lomas de Zamora,Bs.As. G.B.A. Zona Sur,-34.7769753,-58.40064649999999,32.0,70000.0,apartment,1,2187.5,1,168,2,1,POINT (-58.40064649999999 -34.7769753),5
Lomas de Zamora,Bs.As. G.B.A. Zona Sur,-34.7833134,-58.40966949999999,77.0,85000.0,PH,3,1103.8961038961038,0,168,2,3,POINT (-58.40966949999999 -34.7833134),1
Lomas de Zamora,Bs.As. G.B.A. Zona Sur,-34.767904200000004,-58.39331429999999,360.0,435000.0,house,4 o mas,1208.3333333333333,2,168,2,4,POINT (-58.39331429999999 -34.767904200000004),1
Lomas de Zamora,Bs.As. G.B.A. Zona Sur,-34.758531,-58.4067544,40.0,42000.0,store,0,1050.0,3,168,2,0,POINT (-58.4067544 -34.758531),1
Lomas de Zamora,Bs.As. G.B.A. Zona Sur,-34.774006,-58.4002356,43.0,82000.0,apartment,1,1906.9767441860463,1,168,2,1,POINT (-58.4002356 -34.774006),4
Lomas de Zamora,Bs.As. G.B.A. Zona Sur,-34.772403600000004,-58.3949787,175.0,170000.0,house,4 o mas,971.4285714285714,2,168,2,4,POINT (-58.3949787 -34.772403600000004),1
Lomas de Zamora,Bs.As. G.B.A. Zona Sur,-34.780530299999995,-58.3951879,217.0,188000.0,house,4 o mas,866.3594470046083,2,168,2,4,POINT (-58.3951879 -34.780530299999995),0
Lomas de Zamora,Bs.As. G.B.A. Zona Sur,-34.7883366,-58.40262779999999,128.0,195000.0,house,3,1523.4375,2,168,2,3,POINT (-58.40262779999999 -34.7883366),2
Lomas de Zamora,Bs.As. G.B.A. Zona Sur,-34.7743446,-58.3933433,70.0,158000.0,apartment,3,2257.1428571428573,1,168,2,3,POINT (-58.3933433 -34.7743446),5
Lomas de Zamora,Bs.As. G.B.A. Zona Sur,-34.7712268,-58.3979181,215.0,400000.0,house,4 o mas,1860.4651162790697,2,168,2,4,POINT (-58.3979181 -34.7712268),4
Lomas de Zamora,Bs.As. G.B.A. Zona Sur,-34.769692,-58.3981124,70.0,198000.0,apartment,2,2828.5714285714284,1,168,2,2,POINT (-58.3981124 -34.769692),7
Lomas de Zamora,Bs.As. G.B.A. Zona Sur,-34.7785523,-58.4117088,95.0,155000.0,house,2,1631.578947368421,2,168,2,2,POINT (-58.4117088 -34.7785523),3
Lomas de Zamora,Bs.As. G.B.A. Zona Sur,-34.7683521,-58.3549926,150.0,185000.0,house,3,1233.3333333333333,2,168,2,3,POINT (-58.3549926 -34.7683521),1
Lomas de Zamora,Bs.As. G.B.A. Zona Sur,-34.7893005,-58.4084843,24.0,35000.0,store,0,1458.3333333333333,3,168,2,0,POINT (-58.4084843 -34.7893005),2
Lomas de Zamora,Bs.As. G.B.A. Zona Sur,-34.7716295,-58.4029353,72.0,230000.0,apartment,2,3194.4444444444443,1,168,2,2,POINT (-58.4029353 -34.7716295),8
Lomas de Zamora,Bs.As. G.B.A. Zona Sur,-34.8260817,-58.4624855,212.0,245000.0,house,4 o mas,1155.660377358491,2,168,2,4,POINT (-58.4624855 -34.8260817),1
Lomas de Zamora,Bs.As. G.B.A. Zona Sur,-34.7687564,-58.40412190000001,400.0,110000.0,apartment,,275.0,1,168,2,-1,POINT (-58.40412190000001 -34.7687564),0
Lomas de Zamora,Bs.As. G.B.A. Zona Sur,-34.7421373,-58.418499,200.0,450000.0,house,3,2250.0,2,168,2,3,POINT (-58.418499 -34.7421373),5
Lomas de Zamora,Bs.As. G.B.A. Zona Sur,-34.7421373,-58.418499,324.0,225000.0,house,,694.4444444444445,2,168,2,-1,POINT (-58.418499 -34.7421373),0
Lomas de Zamora,Bs.As. G.B.A. Zona Sur,-34.7936934,-58.43294870000001,180.0,110000.0,house,4 o mas,611.1111111111111,2,168,2,4,POINT (-58.43294870000001 -34.7936934),0
Lomas de Zamora,Bs.As. G.B.A. Zona Sur,-34.7850261,-58.40605179999999,26.0,72000.0,apartment,1,2769.230769230769,1,168,2,1,POINT (-58.40605179999999 -34.7850261),7
Lomas de Zamora,Bs.As. G.B.A. Zona Sur,-34.7421373,-58.418499,324.0,225000.0,store,3,694.4444444444445,3,168,2,3,POINT (-58.418499 -34.7421373),0
Lomas de Zamora,Bs.As. G.B.A. Zona Sur,-34.7880096,-58.4170494,97.0,110000.0,house,2,1134.020618556701,2,168,2,2,POINT (-58.4170494 -34.7880096),1
Lomas de Zamora,Bs.As. G.B.A. Zona Sur,-34.779777200000005,-58.3983957,102.0,120000.0,PH,4 o mas,1176.470588235294,0,168,2,4,POINT (-58.3983957 -34.779777200000005),1
Lomas de Zamora,Bs.As. G.B.A. Zona Sur,-34.744863,-58.3803235,100.0,180000.0,PH,4 o mas,1800.0,0,168,2,4,POINT (-58.3803235 -34.744863),3
Lomas de Zamora,Bs.As. G.B.A. Zona Sur,-34.7674884,-58.3919297,120.0,160000.0,house,3,1333.3333333333333,2,168,2,3,POINT (-58.3919297 -34.7674884),2
Lomas de Zamora,Bs.As. G.B.A. Zona Sur,-34.783088799999994,-58.404438,300.0,280000.0,house,3,933.3333333333334,2,168,2,3,POINT (-58.404438 -34.783088799999994),0
Lomas de Zamora,Bs.As. G.B.A. Zona Sur,-34.785058,-58.40290079999999,94.0,140000.0,house,2,1489.3617021276596,2,168,2,2,POINT (-58.40290079999999 -34.785058),2
Lomas de Zamora,Bs.As. G.B.A. Zona Sur,-34.793965,-58.4171353,325.0,350000.0,house,4 o mas,1076.923076923077,2,168,2,4,POINT (-58.4171353 -34.793965),1
Lomas de Zamora,Bs.As. G.B.A. Zona Sur,-34.7733912,-58.40712979999999,150.0,140000.0,house,3,933.3333333333334,2,168,2,3,POINT (-58.40712979999999 -34.7733912),0
Lomas de Zamora,Bs.As. G.B.A. Zona Sur,-34.791718100000004,-58.412894900000005,350.0,320000.0,house,4 o mas,914.2857142857144,2,168,2,4,POINT (-58.412894900000005 -34.791718100000004),0
Lomas de Zamora,Bs.As. G.B.A. Zona Sur,-34.7777327,-58.400019400000005,230.0,220000.0,house,4 o mas,956.5217391304348,2,168,2,4,POINT (-58.400019400000005 -34.7777327),0
Lomas de Zamora,Bs.As. G.B.A. Zona Sur,-34.7821568,-58.4051709,105.0,170000.0,house,2,1619.047619047619,2,168,2,2,POINT (-58.4051709 -34.7821568),3
Lomas de Zamora,Bs.As. G.B.A. Zona Sur,-34.7785815,-58.4066119,77.0,95000.0,apartment,,1233.7662337662337,1,168,2,-1,POINT (-58.4066119 -34.7785815),1
Lomas de Zamora,Bs.As. G.B.A. Zona Sur,-34.7759851,-58.3987933,45.0,83000.0,apartment,2,1844.4444444444443,1,168,2,2,POINT (-58.3987933 -34.7759851),4
Lomas de Zamora,Bs.As. G.B.A. Zona Sur,-34.747557,-58.4072712,91.0,160000.0,house,2,1758.241758241758,2,168,2,2,POINT (-58.4072712 -34.747557),3
Lomas de Zamora,Bs.As. G.B.A. Zona Sur,-34.7710319,-58.3858753,150.0,140000.0,house,3,933.3333333333334,2,168,2,3,POINT (-58.3858753 -34.7710319),0
Lomas de Zamora,Bs.As. G.B.A. Zona Sur,-34.802015999999995,-58.4247202,70.0,88000.0,house,1,1257.142857142857,2,168,2,1,POINT (-58.4247202 -34.802015999999995),1
Lomas de Zamora,Bs.As. G.B.A. Zona Sur,-34.7759629,-58.40685989999999,150.0,160000.0,house,3,1066.6666666666667,2,168,2,3,POINT (-58.40685989999999 -34.7759629),1
Lomas de Zamora,Bs.As. G.B.A. Zona Sur,-34.7422964,-58.4003971,218.0,370000.0,house,4 o mas,1697.2477064220184,2,168,2,4,POINT (-58.4003971 -34.7422964),3
Lomas de Zamora,Bs.As. G.B.A. Zona Sur,-34.778935700000005,-58.409703,44.0,60000.0,apartment,1,1363.6363636363635,1,168,2,1,POINT (-58.409703 -34.778935700000005),2
Lomas de Zamora,Bs.As. G.B.A. Zona Sur,-34.7447936,-58.3904173,120.0,230000.0,store,2,1916.6666666666667,3,168,2,2,POINT (-58.3904173 -34.7447936),4
Lomas de Zamora,Bs.As. G.B.A. Zona Sur,-34.7634668,-58.3987672,95.0,210000.0,apartment,4 o mas,2210.5263157894738,1,168,2,4,POINT (-58.3987672 -34.7634668),5
Lomas de Zamora,Bs.As. G.B.A. Zona Sur,-34.747539200000006,-58.4074101,178.0,145000.0,house,4 o mas,814.6067415730337,2,168,2,4,POINT (-58.4074101 -34.747539200000006),0
Lomas de Zamora,Bs.As. G.B.A. Zona Sur,-34.7843774,-58.4088301,150.0,130000.0,house,3,866.6666666666666,2,168,2,3,POINT (-58.4088301 -34.7843774),0
Lomas de Zamora,Bs.As. G.B.A. Zona Sur,-34.7889105,-58.4190488,72.0,70000.0,house,3,972.2222222222222,2,168,2,3,POINT (-58.4190488 -34.7889105),1
Lomas de Zamora,Bs.As. G.B.A. Zona Sur,-34.7889105,-58.4190488,70.0,70000.0,house,3,1000.0,2,168,2,3,POINT (-58.4190488 -34.7889105),1
Lomas de Zamora,Bs.As. G.B.A. Zona Sur,-34.7696872,-58.39195060000001,70.0,75000.0,house,1,1071.428571428571,2,168,2,1,POINT (-58.39195060000001 -34.7696872),1
Lomas de Zamora,Bs.As. G.B.A. Zona Sur,-34.7748224,-58.3975419,50.0,85000.0,apartment,2,1700.0,1,168,2,2,POINT (-58.3975419 -34.7748224),3
Lomas de Zamora,Bs.As. G.B.A. Zona Sur,-34.7696872,-58.39195060000001,110.0,130000.0,house,2,1181.8181818181818,2,168,2,2,POINT (-58.39195060000001 -34.7696872),1
Lomas de Zamora,Bs.As. G.B.A. Zona Sur,-34.7850261,-58.40605179999999,27.0,55000.0,apartment,1,2037.037037037037,1,168,2,1,POINT (-58.40605179999999 -34.7850261),4
Lomas de Zamora,Bs.As. G.B.A. Zona Sur,-34.7696872,-58.39195060000001,110.0,125000.0,house,2,1136.3636363636365,2,168,2,2,POINT (-58.39195060000001 -34.7696872),1
Lomas de Zamora,Bs.As. G.B.A. Zona Sur,-34.7699685,-58.398084700000005,112.0,295000.0,apartment,3,2633.928571428572,1,168,2,3,POINT (-58.398084700000005 -34.7699685),7
Lomas de Zamora,Bs.As. G.B.A. Zona Sur,-34.80525479999999,-58.4366189,130.0,125000.0,house,3,961.5384615384615,2,168,2,3,POINT (-58.4366189 -34.80525479999999),1
Lomas de Zamora,Bs.As. G.B.A. Zona Sur,-34.7771244,-58.4144986,85.0,85000.0,PH,3,1000.0,0,168,2,3,POINT (-58.4144986 -34.7771244),1
Lomas de Zamora,Bs.As. G.B.A. Zona Sur,-34.74461470000001,-58.36285649999999,150.0,95000.0,house,3,633.3333333333334,2,168,2,3,POINT (-58.36285649999999 -34.74461470000001),0
Lomas de Zamora,Bs.As. G.B.A. Zona Sur,-34.76449229999999,-58.37798829999999,48.0,70000.0,PH,2,1458.3333333333333,0,168,2,2,POINT (-58.37798829999999 -34.76449229999999),2
Lomas de Zamora,Bs.As. G.B.A. Zona Sur,-34.751413,-58.4056961,164.0,250000.0,house,4 o mas,1524.3902439024391,2,168,2,4,POINT (-58.4056961 -34.751413),2
Lomas de Zamora,Bs.As. G.B.A. Zona Sur,-34.8029523,-58.4078807,275.0,335000.0,house,4 o mas,1218.1818181818182,2,168,2,4,POINT (-58.4078807 -34.8029523),1
Lomas de Zamora,Bs.As. G.B.A. Zona Sur,-34.75070770000001,-58.3777119,290.0,250000.0,house,4 o mas,862.0689655172414,2,168,2,4,POINT (-58.3777119 -34.75070770000001),0
Lomas de Zamora,Bs.As. G.B.A. Zona Sur,-34.7785815,-58.4066119,80.0,95000.0,apartment,3,1187.5,1,168,2,3,POINT (-58.4066119 -34.7785815),1
Lomas de Zamora,Bs.As. G.B.A. Zona Sur,-34.7865552,-58.4017124,147.0,185000.0,house,,1258.5034013605443,2,168,2,-1,POINT (-58.4017124 -34.7865552),1
Lomas de Zamora,Bs.As. G.B.A. Zona Sur,-34.7761781,-58.4118725,160.0,220000.0,house,4 o mas,1375.0,2,168,2,4,POINT (-58.4118725 -34.7761781),2
Lomas de Zamora,Bs.As. G.B.A. Zona Sur,-34.8026183,-58.40673029999999,181.0,205000.0,apartment,4 o mas,1132.596685082873,1,168,2,4,POINT (-58.40673029999999 -34.8026183),1
Lomas de Zamora,Bs.As. G.B.A. Zona Sur,-34.8026183,-58.40673029999999,181.0,205000.0,PH,4 o mas,1132.596685082873,0,168,2,4,POINT (-58.40673029999999 -34.8026183),1
Lomas de Zamora,Bs.As. G.B.A. Zona Sur,-34.7395402,-58.39395940000001,42.0,84000.0,apartment,2,2000.0,1,168,2,2,POINT (-58.39395940000001 -34.7395402),4
Lomas de Zamora,Bs.As. G.B.A. Zona Sur,-34.746363,-58.387735,185.0,245000.0,house,4 o mas,1324.3243243243244,2,168,2,4,POINT (-58.387735 -34.746363),2
Lomas de Zamora,Bs.As. G.B.A. Zona Sur,-34.775299200000006,-58.400218,146.0,345000.0,house,3,2363.013698630137,2,168,2,3,POINT (-58.400218 -34.775299200000006),6
Lomas de Zamora,Bs.As. G.B.A. Zona Sur,-34.769418,-58.3993267,500.0,850000.0,house,2,1700.0,2,168,2,2,POINT (-58.3993267 -34.769418),3
Lomas de Zamora,Bs.As. G.B.A. Zona Sur,-34.802015999999995,-58.4247202,66.0,70000.0,house,,1060.6060606060605,2,168,2,-1,POINT (-58.4247202 -34.802015999999995),1
Lomas de Zamora,Bs.As. G.B.A. Zona Sur,-34.77701939999999,-58.3939256,180.0,250000.0,house,4 o mas,1388.888888888889,2,168,2,4,POINT (-58.3939256 -34.77701939999999),2
Lomas de Zamora,Bs.As. G.B.A. Zona Sur,-34.7843619,-58.408773200000006,237.0,335000.0,house,4 o mas,1413.5021097046413,2,168,2,4,POINT (-58.408773200000006 -34.7843619),2
Lomas de Zamora,Bs.As. G.B.A. Zona Sur,-34.777018,-58.39390970000001,120.0,165000.0,house,3,1375.0,2,168,2,3,POINT (-58.39390970000001 -34.777018),2
Lomas de Zamora,Bs.As. G.B.A. Zona Sur,-34.7661143,-58.3769351,94.0,120000.0,PH,4 o mas,1276.595744680851,0,168,2,4,POINT (-58.3769351 -34.7661143),1
Lomas de Zamora,Bs.As. G.B.A. Zona Sur,-34.7729604,-58.401071,72.0,150000.0,apartment,2,2083.333333333333,1,168,2,2,POINT (-58.401071 -34.7729604),5
Lomas de Zamora,Bs.As. G.B.A. Zona Sur,-34.7818484,-58.4250753,162.0,75000.0,house,2,462.962962962963,2,168,2,2,POINT (-58.4250753 -34.7818484),0
Lomas de Zamora,Bs.As. G.B.A. Zona Sur,-34.7783372,-58.3911986,188.0,450000.0,house,4 o mas,2393.617021276596,2,168,2,4,POINT (-58.3911986 -34.7783372),6
Lomas de Zamora,Bs.As. G.B.A. Zona Sur,-34.7665244,-58.3856754,232.0,190000.0,house,4 o mas,818.9655172413793,2,168,2,4,POINT (-58.3856754 -34.7665244),0
Lomas de Zamora,Bs.As. G.B.A. Zona Sur,-34.7759659,-58.3987581,46.0,105000.0,apartment,2,2282.608695652174,1,168,2,2,POINT (-58.3987581 -34.7759659),5
Lomas de Zamora,Bs.As. G.B.A. Zona Sur,-34.7736259,-58.4070902,300.0,330000.0,house,4 o mas,1100.0,2,168,2,4,POINT (-58.4070902 -34.7736259),1
Lomas de Zamora,Bs.As. G.B.A. Zona Sur,-34.7713998,-58.40292339999999,248.0,550000.0,house,4 o mas,2217.7419354838707,2,168,2,4,POINT (-58.40292339999999 -34.7713998),5
Lomas de Zamora,Bs.As. G.B.A. Zona Sur,-34.758427399999995,-58.3902091,134.0,200000.0,house,3,1492.5373134328358,2,168,2,3,POINT (-58.3902091 -34.758427399999995),2
Lomas de Zamora,Bs.As. G.B.A. Zona Sur,-34.7419521,-58.4033041,525.0,910000.0,house,4 o mas,1733.3333333333333,2,168,2,4,POINT (-58.4033041 -34.7419521),3
Lomas de Zamora,Bs.As. G.B.A. Zona Sur,-34.7620906,-58.3834387,268.0,280000.0,house,4 o mas,1044.7761194029852,2,168,2,4,POINT (-58.3834387 -34.7620906),1
Lomas de Zamora,Bs.As. G.B.A. Zona Sur,-34.7731419,-58.3909642,38.0,65000.0,PH,2,1710.5263157894738,0,168,2,2,POINT (-58.3909642 -34.7731419),3
Lomas de Zamora,Bs.As. G.B.A. Zona Sur,-34.7674721,-58.380002000000005,310.0,205000.0,house,4 o mas,661.2903225806451,2,168,2,4,POINT (-58.380002000000005 -34.7674721),0
Lomas de Zamora,Bs.As. G.B.A. Zona Sur,-34.74070220000001,-58.394198,46.0,90000.0,apartment,2,1956.5217391304348,1,168,2,2,POINT (-58.394198 -34.74070220000001),4
Lomas de Zamora,Bs.As. G.B.A. Zona Sur,-34.745328,-58.39437389999999,47.0,115000.0,apartment,1,2446.808510638298,1,168,2,1,POINT (-58.39437389999999 -34.745328),6
Lomas de Zamora,Bs.As. G.B.A. Zona Sur,-34.749328000000006,-58.3943264,215.0,456000.0,house,4 o mas,2120.93023255814,2,168,2,4,POINT (-58.3943264 -34.749328000000006),5
Lomas de Zamora,Bs.As. G.B.A. Zona Sur,-34.7801909,-58.412089,110.0,120000.0,house,3,1090.909090909091,2,168,2,3,POINT (-58.412089 -34.7801909),1
Lomas de Zamora,Bs.As. G.B.A. Zona Sur,-34.779777200000005,-58.3983957,102.0,120000.0,apartment,3,1176.470588235294,1,168,2,3,POINT (-58.3983957 -34.779777200000005),1
Lomas de Zamora,Bs.As. G.B.A. Zona Sur,-34.771224,-58.395686,48.0,107000.0,apartment,2,2229.1666666666665,1,168,2,2,POINT (-58.395686 -34.771224),5
Lomas de Zamora,Bs.As. G.B.A. Zona Sur,-34.7821307,-58.4157403,26.0,53000.0,PH,2,2038.4615384615383,0,168,2,2,POINT (-58.4157403 -34.7821307),5
Lomas de Zamora,Bs.As. G.B.A. Zona Sur,-34.7743446,-58.3933433,70.0,155000.0,apartment,3,2214.285714285714,1,168,2,3,POINT (-58.3933433 -34.7743446),5
Lomas de Zamora,Bs.As. G.B.A. Zona Sur,-34.7490742,-58.4047968,50.0,108000.0,apartment,1,2160.0,1,168,2,1,POINT (-58.4047968 -34.7490742),5
Lomas de Zamora,Bs.As. G.B.A. Zona Sur,-34.7490742,-58.4047968,30.0,65000.0,apartment,1,2166.6666666666665,1,168,2,1,POINT (-58.4047968 -34.7490742),5
Lomas de Zamora,Bs.As. G.B.A. Zona Sur,-34.783028200000004,-58.3919038,129.0,120000.0,house,3,930.2325581395348,2,168,2,3,POINT (-58.3919038 -34.783028200000004),0
Lomas de Zamora,Bs.As. G.B.A. Zona Sur,-34.7448954,-58.4021894,140.0,260000.0,house,3,1857.142857142857,2,168,2,3,POINT (-58.4021894 -34.7448954),4
Lomas de Zamora,Bs.As. G.B.A. Zona Sur,-34.739462200000006,-58.3873307,381.0,500000.0,house,4 o mas,1312.3359580052493,2,168,2,4,POINT (-58.3873307 -34.739462200000006),2
Lomas de Zamora,Bs.As. G.B.A. Zona Sur,-34.7716232,-58.3869927,90.0,135000.0,house,2,1500.0,2,168,2,2,POINT (-58.3869927 -34.7716232),2
Lomas de Zamora,Bs.As. G.B.A. Zona Sur,-34.7770369,-58.4112019,50.0,72000.0,apartment,1,1440.0,1,168,2,1,POINT (-58.4112019 -34.7770369),2
Lomas de Zamora,Bs.As. G.B.A. Zona Sur,-34.764623900000004,-58.3717101,120.0,140000.0,house,3,1166.6666666666667,2,168,2,3,POINT (-58.3717101 -34.764623900000004),1
Lomas de Zamora,Bs.As. G.B.A. Zona Sur,-34.7694017,-58.3913736,190.0,280000.0,house,4 o mas,1473.6842105263158,2,168,2,4,POINT (-58.3913736 -34.7694017),2
Lomas de Zamora,Bs.As. G.B.A. Zona Sur,-34.7681835,-58.396668000000005,86.0,200000.0,apartment,3,2325.5813953488373,1,168,2,3,POINT (-58.396668000000005 -34.7681835),6
Lomas de Zamora,Bs.As. G.B.A. Zona Sur,-34.7805545,-58.4101107,60.0,115000.0,house,1,1916.6666666666667,2,168,2,1,POINT (-58.4101107 -34.7805545),4
Lomas de Zamora,Bs.As. G.B.A. Zona Sur,-34.7458118,-58.42039739999999,120.0,100000.0,house,3,833.3333333333334,2,168,2,3,POINT (-58.42039739999999 -34.7458118),0
Lomas de Zamora,Bs.As. G.B.A. Zona Sur,-34.7756693,-58.38896139999999,1.0,100000.0,apartment,0,100000.0,1,168,2,0,POINT (-58.38896139999999 -34.7756693),9
Lomas de Zamora,Bs.As. G.B.A. Zona Sur,-34.7793506,-58.402488,160.0,280000.0,house,2,1750.0,2,168,2,2,POINT (-58.402488 -34.7793506),3
Lomas de Zamora,Bs.As. G.B.A. Zona Sur,-34.77782,-58.3828606,175.0,185000.0,house,4 o mas,1057.142857142857,2,168,2,4,POINT (-58.3828606 -34.77782),1
Lomas de Zamora,Bs.As. G.B.A. Zona Sur,-34.7607453,-58.3785647,163.0,150000.0,house,4 o mas,920.2453987730062,2,168,2,4,POINT (-58.3785647 -34.7607453),0
Lomas de Zamora,Bs.As. G.B.A. Zona Sur,-34.773635299999995,-58.3803608,140.0,165000.0,house,3,1178.571428571429,2,168,2,3,POINT (-58.3803608 -34.773635299999995),1
Lomas de Zamora,Bs.As. G.B.A. Zona Sur,-34.766693,-58.3724655,1.0,135000.0,house,0,135000.0,2,168,2,0,POINT (-58.3724655 -34.766693),9
Lomas de Zamora,Bs.As. G.B.A. Zona Sur,-34.7370304,-58.41396999999999,218.0,160000.0,house,4 o mas,733.9449541284404,2,168,2,4,POINT (-58.41396999999999 -34.7370304),0
Lomas de Zamora,Bs.As. G.B.A. Zona Sur,-34.7590002,-58.3775164,40.0,54000.0,house,1,1350.0,2,168,2,1,POINT (-58.3775164 -34.7590002),2
Lomas de Zamora,Bs.As. G.B.A. Zona Sur,-34.7859275,-58.3929603,220.0,230000.0,house,4 o mas,1045.4545454545455,2,168,2,4,POINT (-58.3929603 -34.7859275),1
Lomas de Zamora,Bs.As. G.B.A. Zona Sur,-34.7972425,-58.409667500000005,70.0,98000.0,apartment,3,1400.0,1,168,2,3,POINT (-58.409667500000005 -34.7972425),2
Lomas de Zamora,Bs.As. G.B.A. Zona Sur,-34.7339591,-58.41327760000001,48.0,65000.0,house,1,1354.1666666666667,2,168,2,1,POINT (-58.41327760000001 -34.7339591),2
Lomas de Zamora,Bs.As. G.B.A. Zona Sur,-34.7840806,-58.3916915,58.0,110000.0,PH,2,1896.551724137931,0,168,2,2,POINT (-58.3916915 -34.7840806),4
Lomas de Zamora,Bs.As. G.B.A. Zona Sur,-34.7404273,-58.3765209,64.0,92000.0,house,1,1437.5,2,168,2,1,POINT (-58.3765209 -34.7404273),2
Lomas de Zamora,Bs.As. G.B.A. Zona Sur,-34.7676877,-58.3815134,170.0,170000.0,house,4 o mas,1000.0,2,168,2,4,POINT (-58.3815134 -34.7676877),1
Lomas de Zamora,Bs.As. G.B.A. Zona Sur,-34.775718299999994,-58.39329920000001,219.0,270000.0,store,4 o mas,1232.876712328767,3,168,2,4,POINT (-58.39329920000001 -34.775718299999994),1
Lomas de Zamora,Bs.As. G.B.A. Zona Sur,-34.775718299999994,-58.39329920000001,219.0,270000.0,apartment,4 o mas,1232.876712328767,1,168,2,4,POINT (-58.39329920000001 -34.775718299999994),1
Lomas de Zamora,Bs.As. G.B.A. Zona Sur,-34.7833134,-58.40966949999999,52.0,45000.0,apartment,2,865.3846153846154,1,168,2,2,POINT (-58.40966949999999 -34.7833134),0
Lomas de Zamora,Bs.As. G.B.A. Zona Sur,-34.7710977,-58.3699041,114.0,155000.0,house,2,1359.6491228070176,2,168,2,2,POINT (-58.3699041 -34.7710977),2
Lomas de Zamora,Bs.As. G.B.A. Zona Sur,-34.7785368,-58.38361679999999,250.0,250000.0,house,4 o mas,1000.0,2,168,2,4,POINT (-58.38361679999999 -34.7785368),1
Lomas de Zamora,Bs.As. G.B.A. Zona Sur,-34.7821901,-58.3932506,148.0,165000.0,house,3,1114.8648648648648,2,168,2,3,POINT (-58.3932506 -34.7821901),1
Lomas de Zamora,Bs.As. G.B.A. Zona Sur,-34.77198,-58.3918132,80.0,195000.0,house,,2437.5,2,168,2,-1,POINT (-58.3918132 -34.77198),6
Lomas de Zamora,Bs.As. G.B.A. Zona Sur,-34.7712221,-58.3742822,140.0,155000.0,house,3,1107.142857142857,2,168,2,3,POINT (-58.3742822 -34.7712221),1
Lomas de Zamora,Bs.As. G.B.A. Zona Sur,-34.7519619,-58.39327900000001,50.0,70000.0,apartment,3,1400.0,1,168,2,3,POINT (-58.39327900000001 -34.7519619),2
Lomas de Zamora,Bs.As. G.B.A. Zona Sur,-34.7886521,-58.4041747,335.0,265000.0,house,4 o mas,791.044776119403,2,168,2,4,POINT (-58.4041747 -34.7886521),0
Lomas de Zamora,Bs.As. G.B.A. Zona Sur,-34.7445625,-58.4110869,200.0,155000.0,house,4 o mas,775.0,2,168,2,4,POINT (-58.4110869 -34.7445625),0
Lomas de Zamora,Bs.As. G.B.A. Zona Sur,-34.748098600000006,-58.3910223,200.0,230000.0,house,4 o mas,1150.0,2,168,2,4,POINT (-58.3910223 -34.748098600000006),1
Lomas de Zamora,Bs.As. G.B.A. Zona Sur,-34.760392100000004,-58.3549985,120.0,120000.0,house,3,1000.0,2,168,2,3,POINT (-58.3549985 -34.760392100000004),1
Lomas de Zamora,Bs.As. G.B.A. Zona Sur,-34.8019433,-58.4123735,100.0,95000.0,house,2,950.0,2,168,2,2,POINT (-58.4123735 -34.8019433),0
Lomas de Zamora,Bs.As. G.B.A. Zona Sur,-34.76119129999999,-58.39095699999999,132.0,230000.0,house,3,1742.4242424242425,2,168,2,3,POINT (-58.39095699999999 -34.76119129999999),3
Lomas de Zamora,Bs.As. G.B.A. Zona Sur,-34.760227,-58.3947899,40.0,87800.0,apartment,1,2195.0,1,168,2,1,POINT (-58.3947899 -34.760227),5
Lomas de Zamora,Bs.As. G.B.A. Zona Sur,-34.752314500000004,-58.3993757,56.0,395000.0,house,1,7053.571428571428,2,168,2,1,POINT (-58.3993757 -34.752314500000004),9
Lomas de Zamora,Bs.As. G.B.A. Zona Sur,-34.7820652,-58.3863807,320.0,230000.0,house,4 o mas,718.75,2,168,2,4,POINT (-58.3863807 -34.7820652),0
Lomas de Zamora,Bs.As. G.B.A. Zona Sur,-34.7677903,-58.3818536,131.0,130000.0,house,3,992.3664122137404,2,168,2,3,POINT (-58.3818536 -34.7677903),1
Lomas de Zamora,Bs.As. G.B.A. Zona Sur,-34.746606,-58.39678520000001,130.0,180000.0,house,3,1384.6153846153843,2,168,2,3,POINT (-58.39678520000001 -34.746606),2
Lomas de Zamora,Bs.As. G.B.A. Zona Sur,-34.790362200000004,-58.4274566,220.0,165000.0,house,4 o mas,750.0,2,168,2,4,POINT (-58.4274566 -34.790362200000004),0
Lomas de Zamora,Bs.As. G.B.A. Zona Sur,-34.7677533,-58.3834855,71.0,145000.0,house,1,2042.2535211267605,2,168,2,1,POINT (-58.3834855 -34.7677533),5
Lomas de Zamora,Bs.As. G.B.A. Zona Sur,-34.77444620000001,-58.3956201,55.0,95000.0,apartment,2,1727.2727272727273,1,168,2,2,POINT (-58.3956201 -34.77444620000001),3
Lomas de Zamora,Bs.As. G.B.A. Zona Sur,-34.7652857,-58.3667289,59.0,75000.0,house,1,1271.1864406779662,2,168,2,1,POINT (-58.3667289 -34.7652857),1
Lomas de Zamora,Bs.As. G.B.A. Zona Sur,-34.77509129999999,-58.377342000000006,160.0,170000.0,house,4 o mas,1062.5,2,168,2,4,POINT (-58.377342000000006 -34.77509129999999),1
Lomas de Zamora,Bs.As. G.B.A. Zona Sur,-34.79116320000001,-58.4198255,150.0,210000.0,house,3,1400.0,2,168,2,3,POINT (-58.4198255 -34.79116320000001),2
Lomas de Zamora,Bs.As. G.B.A. Zona Sur,-34.7765602,-58.3955478,80.0,150000.0,store,1,1875.0,3,168,2,1,POINT (-58.3955478 -34.7765602),4
Lomas de Zamora,Bs.As. G.B.A. Zona Sur,-34.7394913,-58.394316700000005,247.0,395000.0,house,4 o mas,1599.1902834008097,2,168,2,4,POINT (-58.394316700000005 -34.7394913),3
Lomas de Zamora,Bs.As. G.B.A. Zona Sur,-34.7598341,-58.38385890000001,45.0,75000.0,apartment,1,1666.6666666666667,1,168,2,1,POINT (-58.38385890000001 -34.7598341),3
Lomas de Zamora,Bs.As. G.B.A. Zona Sur,-34.7782323,-58.3745123,197.0,130000.0,house,4 o mas,659.8984771573604,2,168,2,4,POINT (-58.3745123 -34.7782323),0
Lomas de Zamora,Bs.As. G.B.A. Zona Sur,-34.7782323,-58.3745123,197.0,145000.0,store,3,736.0406091370559,3,168,2,3,POINT (-58.3745123 -34.7782323),0
Lomas de Zamora,Bs.As. G.B.A. Zona Sur,-34.7769546,-58.3936216,80.0,140000.0,apartment,3,1750.0,1,168,2,3,POINT (-58.3936216 -34.7769546),3
Lomas de Zamora,Bs.As. G.B.A. Zona Sur,-34.7360746,-58.4062473,415.0,395000.0,house,4 o mas,951.8072289156628,2,168,2,4,POINT (-58.4062473 -34.7360746),0
Lomas de Zamora,Bs.As. G.B.A. Zona Sur,-34.7729604,-58.401071,180.0,230000.0,house,4 o mas,1277.7777777777778,2,168,2,4,POINT (-58.401071 -34.7729604),1
Lomas de Zamora,Bs.As. G.B.A. Zona Sur,-34.7348161,-58.4157629,270.0,220000.0,house,4 o mas,814.8148148148148,2,168,2,4,POINT (-58.4157629 -34.7348161),0
Lomas de Zamora,Bs.As. G.B.A. Zona Sur,-34.7708649,-58.3858226,111.0,135000.0,house,2,1216.2162162162165,2,168,2,2,POINT (-58.3858226 -34.7708649),1
Lomas de Zamora,Bs.As. G.B.A. Zona Sur,-34.7825865,-58.38954079999999,100.0,146000.0,house,2,1460.0,2,168,2,2,POINT (-58.38954079999999 -34.7825865),2
Lomas de Zamora,Bs.As. G.B.A. Zona Sur,-34.774156299999994,-58.3844484,130.0,155000.0,house,3,1192.3076923076924,2,168,2,3,POINT (-58.3844484 -34.774156299999994),1
Lomas de Zamora,Bs.As. G.B.A. Zona Sur,-34.748892299999994,-58.38171510000001,200.0,360000.0,house,,1800.0,2,168,2,-1,POINT (-58.38171510000001 -34.748892299999994),3
Lomas de Zamora,Bs.As. G.B.A. Zona Sur,-34.7431545,-58.4104716,290.0,270000.0,house,4 o mas,931.0344827586208,2,168,2,4,POINT (-58.4104716 -34.7431545),0
Lomas de Zamora,Bs.As. G.B.A. Zona Sur,-34.780973,-58.4097178,65.0,90000.0,PH,2,1384.6153846153843,0,168,2,2,POINT (-58.4097178 -34.780973),2
Lomas de Zamora,Bs.As. G.B.A. Zona Sur,-34.7361831,-58.4111955,92.0,130000.0,house,2,1413.0434782608695,2,168,2,2,POINT (-58.4111955 -34.7361831),2
Lomas de Zamora,Bs.As. G.B.A. Zona Sur,-34.778668100000004,-58.3883509,215.0,149000.0,house,4 o mas,693.0232558139535,2,168,2,4,POINT (-58.3883509 -34.778668100000004),0
Lomas de Zamora,Bs.As. G.B.A. Zona Sur,-34.732380799999994,-58.4252023,281.0,250000.0,house,4 o mas,889.6797153024911,2,168,2,4,POINT (-58.4252023 -34.732380799999994),0
Lomas de Zamora,Bs.As. G.B.A. Zona Sur,-34.7522196,-58.37121189999999,156.0,110000.0,house,3,705.1282051282051,2,168,2,3,POINT (-58.37121189999999 -34.7522196),0
Lomas de Zamora,Bs.As. G.B.A. Zona Sur,-34.7670344,-58.38864670000001,146.0,120000.0,house,3,821.917808219178,2,168,2,3,POINT (-58.38864670000001 -34.7670344),0
Lomas de Zamora,Bs.As. G.B.A. Zona Sur,-34.7880349,-58.41860989999999,163.0,146000.0,apartment,4 o mas,895.7055214723927,1,168,2,4,POINT (-58.41860989999999 -34.7880349),0
Lomas de Zamora,Bs.As. G.B.A. Zona Sur,-34.7641091,-58.3555076,130.0,130000.0,house,3,1000.0,2,168,2,3,POINT (-58.3555076 -34.7641091),1
Lomas de Zamora,Bs.As. G.B.A. Zona Sur,-34.765520200000005,-58.3717897,47.0,74000.0,apartment,3,1574.468085106383,1,168,2,3,POINT (-58.3717897 -34.765520200000005),3
Lomas de Zamora,Bs.As. G.B.A. Zona Sur,-34.7713541,-58.3826611,150.0,150000.0,house,3,1000.0,2,168,2,3,POINT (-58.3826611 -34.7713541),1
Lomas de Zamora,Bs.As. G.B.A. Zona Sur,-34.765520200000005,-58.3717897,47.0,74000.0,PH,3,1574.468085106383,0,168,2,3,POINT (-58.3717897 -34.765520200000005),3
Lomas de Zamora,Bs.As. G.B.A. Zona Sur,-34.7677811,-58.3849057,110.0,168000.0,house,2,1527.2727272727273,2,168,2,2,POINT (-58.3849057 -34.7677811),2
Lomas de Zamora,Bs.As. G.B.A. Zona Sur,-34.746555900000004,-58.39949179999999,440.0,1800000.0,house,4 o mas,4090.909090909091,2,168,2,4,POINT (-58.39949179999999 -34.746555900000004),9
Lomas de Zamora,Bs.As. G.B.A. Zona Sur,-34.78392410000001,-58.3885156,140.0,320000.0,house,3,2285.714285714286,2,168,2,3,POINT (-58.3885156 -34.78392410000001),5
Lomas de Zamora,Bs.As. G.B.A. Zona Sur,-34.7402874,-58.3998294,180.0,220000.0,house,4 o mas,1222.2222222222222,2,168,2,4,POINT (-58.3998294 -34.7402874),1
Lomas de Zamora,Bs.As. G.B.A. Zona Sur,-34.77704179999999,-58.3941798,135.0,155000.0,house,3,1148.148148148148,2,168,2,3,POINT (-58.3941798 -34.77704179999999),1
Lomas de Zamora,Bs.As. G.B.A. Zona Sur,-34.7618563,-58.3571659,110.0,145000.0,house,2,1318.1818181818182,2,168,2,2,POINT (-58.3571659 -34.7618563),2
Lomas de Zamora,Bs.As. G.B.A. Zona Sur,-34.7802028,-58.4086538,250.0,300000.0,house,4 o mas,1200.0,2,168,2,4,POINT (-58.4086538 -34.7802028),1
Lomas de Zamora,Bs.As. G.B.A. Zona Sur,-34.7766135,-58.3881196,183.0,228000.0,house,4 o mas,1245.9016393442623,2,168,2,4,POINT (-58.3881196 -34.7766135),1
Lomas de Zamora,Bs.As. G.B.A. Zona Sur,-34.745736,-58.3587557,230.0,165000.0,house,3,717.3913043478261,2,168,2,3,POINT (-58.3587557 -34.745736),0
Lomas de Zamora,Bs.As. G.B.A. Zona Sur,-34.7677279,-58.40045799999999,65.0,120000.0,apartment,2,1846.1538461538464,1,168,2,2,POINT (-58.40045799999999 -34.7677279),4
Lomas de Zamora,Bs.As. G.B.A. Zona Sur,-34.7444335,-58.4139485,25.0,100000.0,house,,4000.0,2,168,2,-1,POINT (-58.4139485 -34.7444335),9
Lomas de Zamora,Bs.As. G.B.A. Zona Sur,-34.7770701,-58.393330500000005,180.0,250000.0,house,4 o mas,1388.888888888889,2,168,2,4,POINT (-58.393330500000005 -34.7770701),2
Lomas de Zamora,Bs.As. G.B.A. Zona Sur,-34.7442108,-58.3948684,30.0,85000.0,store,0,2833.333333333333,3,168,2,0,POINT (-58.3948684 -34.7442108),7
Lomas de Zamora,Bs.As. G.B.A. Zona Sur,-34.7765602,-58.3955478,65.0,110000.0,store,1,1692.3076923076924,3,168,2,1,POINT (-58.3955478 -34.7765602),3
Lomas de Zamora,Bs.As. G.B.A. Zona Sur,-34.7540495,-58.4013645,65.0,135000.0,apartment,2,2076.923076923077,1,168,2,2,POINT (-58.4013645 -34.7540495),5
Lomas de Zamora,Bs.As. G.B.A. Zona Sur,-34.7635997,-58.4053683,45.0,100000.0,apartment,1,2222.222222222222,1,168,2,1,POINT (-58.4053683 -34.7635997),5
Lomas de Zamora,Bs.As. G.B.A. Zona Sur,-34.7763987,-58.3985015,120.0,160000.0,PH,4 o mas,1333.3333333333333,0,168,2,4,POINT (-58.3985015 -34.7763987),2
Lomas de Zamora,Bs.As. G.B.A. Zona Sur,-34.773043900000005,-58.374679,100.0,100000.0,house,2,1000.0,2,168,2,2,POINT (-58.374679 -34.773043900000005),1
Lomas de Zamora,Bs.As. G.B.A. Zona Sur,-34.7435301,-58.40654920000001,55.0,93356.88,apartment,2,1697.3978181818184,1,168,2,2,POINT (-58.40654920000001 -34.7435301),3
Lomas de Zamora,Bs.As. G.B.A. Zona Sur,-34.7435301,-58.40654920000001,55.0,93356.88,apartment,2,1697.3978181818184,1,168,2,2,POINT (-58.40654920000001 -34.7435301),3
Lomas de Zamora,Bs.As. G.B.A. Zona Sur,-34.7771159,-58.38301479999999,80.0,138000.0,house,2,1725.0,2,168,2,2,POINT (-58.38301479999999 -34.7771159),3
Lomas de Zamora,Bs.As. G.B.A. Zona Sur,-34.7682472,-58.4098614,100.0,100000.0,PH,4 o mas,1000.0,0,168,2,4,POINT (-58.4098614 -34.7682472),1
Lomas de Zamora,Bs.As. G.B.A. Zona Sur,-34.780541799999995,-58.3953793,55.0,270000.0,house,,4909.090909090909,2,168,2,-1,POINT (-58.3953793 -34.780541799999995),9
Lomas de Zamora,Bs.As. G.B.A. Zona Sur,-34.7799124,-58.3883343,80.0,149000.0,PH,4 o mas,1862.5,0,168,2,4,POINT (-58.3883343 -34.7799124),4
Lomas de Zamora,Bs.As. G.B.A. Zona Sur,-34.77444620000001,-58.3956201,55.0,100000.0,apartment,2,1818.1818181818185,1,168,2,2,POINT (-58.3956201 -34.77444620000001),4
Lomas de Zamora,Bs.As. G.B.A. Zona Sur,-34.779587400000004,-58.3932019,40.0,110000.0,house,,2750.0,2,168,2,-1,POINT (-58.3932019 -34.779587400000004),7
Lomas de Zamora,Bs.As. G.B.A. Zona Sur,-34.7777617,-58.38903320000001,120.0,180000.0,house,3,1500.0,2,168,2,3,POINT (-58.38903320000001 -34.7777617),2
Lomas de Zamora,Bs.As. G.B.A. Zona Sur,-34.785579299999995,-58.39229279999999,160.0,220000.0,house,4 o mas,1375.0,2,168,2,4,POINT (-58.39229279999999 -34.785579299999995),2
Lomas de Zamora,Bs.As. G.B.A. Zona Sur,-34.75663970000001,-58.42974470000001,118.0,120000.0,house,2,1016.9491525423728,2,168,2,2,POINT (-58.42974470000001 -34.75663970000001),1
Lomas de Zamora,Bs.As. G.B.A. Zona Sur,-34.7469359,-58.4269431,160.0,160000.0,house,4 o mas,1000.0,2,168,2,4,POINT (-58.4269431 -34.7469359),1
Lomas de Zamora,Bs.As. G.B.A. Zona Sur,-34.75696920000001,-58.3943152,112.0,250000.0,house,2,2232.1428571428573,2,168,2,2,POINT (-58.3943152 -34.75696920000001),5
Lomas de Zamora,Bs.As. G.B.A. Zona Sur,-34.7399907,-58.4091729,125.0,190000.0,house,3,1520.0,2,168,2,3,POINT (-58.4091729 -34.7399907),2
Lomas de Zamora,Bs.As. G.B.A. Zona Sur,-34.7582667,-58.4088819,216.0,250000.0,house,4 o mas,1157.4074074074074,2,168,2,4,POINT (-58.4088819 -34.7582667),1
Lomas de Zamora,Bs.As. G.B.A. Zona Sur,-34.763969200000005,-58.4168542,236.0,190000.0,house,4 o mas,805.0847457627119,2,168,2,4,POINT (-58.4168542 -34.763969200000005),0
Lomas de Zamora,Bs.As. G.B.A. Zona Sur,-34.7413253,-58.415032,120.0,160000.0,house,3,1333.3333333333333,2,168,2,3,POINT (-58.415032 -34.7413253),2
Lomas de Zamora,Bs.As. G.B.A. Zona Sur,-34.807975,-58.45539470000001,2500.0,400000.0,store,,160.0,3,168,2,-1,POINT (-58.45539470000001 -34.807975),0
Lomas de Zamora,Bs.As. G.B.A. Zona Sur,-34.788551299999995,-58.41932679999999,86.0,90000.0,apartment,,1046.5116279069769,1,168,2,-1,POINT (-58.41932679999999 -34.788551299999995),1
Lomas de Zamora,Bs.As. G.B.A. Zona Sur,-34.7819166,-58.4250454,30000.0,6000000.0,store,4 o mas,200.0,3,168,2,4,POINT (-58.4250454 -34.7819166),0
Lomas de Zamora,Bs.As. G.B.A. Zona Sur,-34.746214,-58.389866000000005,27.0,59900.0,apartment,1,2218.5185185185187,1,168,2,1,POINT (-58.389866000000005 -34.746214),5
Lomas de Zamora,Bs.As. G.B.A. Zona Sur,-34.748498,-58.385183,176.0,270000.0,house,4 o mas,1534.090909090909,2,168,2,4,POINT (-58.385183 -34.748498),2
Lomas de Zamora,Bs.As. G.B.A. Zona Sur,-34.739038,-58.389931,45.0,85000.0,apartment,2,1888.888888888889,1,168,2,2,POINT (-58.389931 -34.739038),4
Lomas de Zamora,Bs.As. G.B.A. Zona Sur,-34.747929600000006,-58.4242816,80.0,67000.0,PH,3,837.5,0,168,2,3,POINT (-58.4242816 -34.747929600000006),0
Lomas de Zamora,Bs.As. G.B.A. Zona Sur,-34.7821307,-58.4157403,26.0,53000.0,apartment,2,2038.4615384615383,1,168,2,2,POINT (-58.4157403 -34.7821307),5
Lomas de Zamora,Bs.As. G.B.A. Zona Sur,-34.740692,-58.385907,333.0,270000.0,house,4 o mas,810.8108108108108,2,168,2,4,POINT (-58.385907 -34.740692),0
Lomas de Zamora,Bs.As. G.B.A. Zona Sur,-34.773162,-58.406224,20.0,290000.0,house,4 o mas,14500.0,2,168,2,4,POINT (-58.406224 -34.773162),9
Lomas de Zamora,Bs.As. G.B.A. Zona Sur,-34.7521415,-58.400763600000005,50.0,145000.0,apartment,1,2900.0,1,168,2,1,POINT (-58.400763600000005 -34.7521415),7
Lomas de Zamora,Bs.As. G.B.A. Zona Sur,-34.7421404,-58.3862577,145.0,125000.0,house,3,862.0689655172414,2,168,2,3,POINT (-58.3862577 -34.7421404),0
Lomas de Zamora,Bs.As. G.B.A. Zona Sur,-34.7438273,-58.406684,272.0,350000.0,house,4 o mas,1286.764705882353,2,168,2,4,POINT (-58.406684 -34.7438273),1
Lomas de Zamora,Bs.As. G.B.A. Zona Sur,-34.747929600000006,-58.4242816,167.0,67000.0,PH,,401.1976047904192,0,168,2,-1,POINT (-58.4242816 -34.747929600000006),0
Lomas de Zamora,Bs.As. G.B.A. Zona Sur,-34.7730774,-58.419039600000005,250.0,280000.0,house,4 o mas,1120.0,2,168,2,4,POINT (-58.419039600000005 -34.7730774),1
Lomas de Zamora,Bs.As. G.B.A. Zona Sur,-34.7616604,-58.3998475,35.0,140000.0,store,0,4000.0,3,168,2,0,POINT (-58.3998475 -34.7616604),9
Lomas de Zamora,Bs.As. G.B.A. Zona Sur,-34.7616604,-58.3998475,20.0,140000.0,store,0,7000.0,3,168,2,0,POINT (-58.3998475 -34.7616604),9
Lomas de Zamora,Bs.As. G.B.A. Zona Sur,-34.7616604,-58.3998475,35.0,140000.0,store,0,4000.0,3,168,2,0,POINT (-58.3998475 -34.7616604),9
Lomas de Zamora,Bs.As. G.B.A. Zona Sur,-34.7616604,-58.3998475,35.0,140000.0,store,0,4000.0,3,168,2,0,POINT (-58.3998475 -34.7616604),9
Lomas de Zamora,Bs.As. G.B.A. Zona Sur,-34.7753270514,-58.378479697,20.0,120000.0,house,,6000.0,2,168,2,-1,POINT (-58.378479697 -34.7753270514),9
Lomas de Zamora,Bs.As. G.B.A. Zona Sur,-34.745968100000006,-58.39809640000001,400.0,580000.0,house,4 o mas,1450.0,2,168,2,4,POINT (-58.39809640000001 -34.745968100000006),2
Lomas de Zamora,Bs.As. G.B.A. Zona Sur,-34.790427,-58.396565,20.0,240000.0,house,4 o mas,12000.0,2,168,2,4,POINT (-58.396565 -34.790427),9
